order_id,date,customer_id,city,channel,category,product,price,quantity
10001,2025-01-01,C095,Москва,маркетплейс,Аксессуары,Кофемолка ручная,3200,2
10001,2025-01-01,C095,Москва,маркетплейс,Чай,Травяной сбор 50 г,260,1
10002,2025-01-01,C059,Москва,приложение,Сладости,Шоколад горький,180,1
10002,2025-01-01,C059,Москва,приложение,Чай,Чёрный чай 100 г,350,1
10003,2025-01-01,C203,Казань,сайт,Кофе,Эфиопия 250 г,790,1
10003,2025-01-01,C203,Казань,сайт,Чай,Улун 100 г,540,2
10004,2025-01-02,C045,Москва,приложение,Сладости,Зефир,210,2
10005,2025-01-02,C033,Казань,маркетплейс,Аксессуары,Кофемолка ручная,3200,2
10006,2025-01-02,C130,Санкт-Петербург,сайт,Чай,Травяной сбор 50 г,260,6
10007,2025-01-02,C176,Санкт-Петербург,приложение,Кофе,Колумбия 250 г,690,3
10008,2025-01-03,C001,Екатеринбург,приложение,Сладости,Миндаль в шоколаде,320,3
10009,2025-01-03,C075,Санкт-Петербург,приложение,Чай,Зелёный чай 100 г,390,6
10010,2025-01-03,C080,Москва,маркетплейс,Посуда,Турка медная,2400,3
10011,2025-01-03,C092,Казань,маркетплейс,Сладости,Зефир,210,3
10012,2025-01-03,C023,Новосибирск,приложение,Кофе,Кофе без кофеина 250 г,720,1
10012,2025-01-03,C023,Новосибирск,приложение,Кофе,Эспрессо-смесь 1 кг,1450,2
10012,2025-01-03,C023,Новосибирск,приложение,Кофе,Бразилия 1 кг,1290,3
10013,2025-01-04,C119,Новосибирск,маркетплейс,Сладости,Миндаль в шоколаде,320,2
10014,2025-01-04,C006,Москва,приложение,Кофе,Колумбия 250 г,690,3
10015,2025-01-04,C170,Москва,маркетплейс,Кофе,Колумбия 250 г,690,2
10016,2025-01-05,C023,Новосибирск,маркетплейс,Чай,Зелёный чай 100 г,390,1
10017,2025-01-05,C038,Санкт-Петербург,сайт,Кофе,Бразилия 1 кг,1290,1
10018,2025-01-05,C083,Москва,сайт,Кофе,Эфиопия 250 г,790,7
10018,2025-01-05,C083,Москва,сайт,Чай,Чёрный чай 100 г,350,4
10019,2025-01-06,C227,Москва,маркетплейс,Чай,Улун 100 г,540,3
10020,2025-01-06,C093,Казань,приложение,Кофе,Кофе без кофеина 250 г,720,2
10020,2025-01-06,C093,Казань,приложение,Чай,Чёрный чай 100 г,350,3
10020,2025-01-06,C093,Казань,приложение,Чай,Травяной сбор 50 г,260,1
10021,2025-01-06,C068,Москва,маркетплейс,Сладости,Зефир,210,2
10021,2025-01-06,C068,Москва,маркетплейс,Кофе,Эфиопия 250 г,790,4
10022,2025-01-06,C091,Москва,приложение,Сладости,Печенье овсяное,150,3
10022,2025-01-06,C091,Москва,приложение,Кофе,Эспрессо-смесь 1 кг,1450,1
10023,2025-01-06,C074,Казань,сайт,Кофе,Эспрессо-смесь 1 кг,1450,1
10023,2025-01-06,C074,Казань,сайт,Чай,Чёрный чай 100 г,350,2
10024,2025-01-06,C221,Екатеринбург,сайт,Кофе,Бразилия 1 кг,1290,1
10024,2025-01-06,C221,Екатеринбург,сайт,Чай,Улун 100 г,540,2
10025,2025-01-06,C124,Санкт-Петербург,маркетплейс,Сладости,Шоколад горький,180,1
10026,2025-01-07,C220,Москва,маркетплейс,Кофе,Колумбия 250 г,690,2
10027,2025-01-07,C068,Москва,приложение,Чай,Зелёный чай 100 г,390,1
10027,2025-01-07,C068,Москва,приложение,Чай,Чёрный чай 100 г,350,3
10027,2025-01-07,C068,Москва,приложение,Кофе,Бразилия 1 кг,1290,2
10028,2025-01-08,C190,Новосибирск,сайт,Кофе,Бразилия 1 кг,1290,2
10028,2025-01-08,C190,Новосибирск,сайт,Чай,Зелёный чай 100 г,390,4
10029,2025-01-08,C019,Москва,сайт,Посуда,Турка медная,2400,1
10029,2025-01-08,C019,Москва,сайт,Кофе,Кофе без кофеина 250 г,720,2
10030,2025-01-08,C164,Москва,сайт,Кофе,Кофе без кофеина 250 г,720,3
10030,2025-01-08,C164,Москва,сайт,Чай,Чёрный чай 100 г,350,1
10031,2025-01-08,C164,Москва,сайт,Чай,Зелёный чай 100 г,390,2
10032,2025-01-08,C038,Санкт-Петербург,маркетплейс,Чай,Зелёный чай 100 г,390,3
10032,2025-01-08,C038,Санкт-Петербург,маркетплейс,Сладости,Зефир,210,3
10033,2025-01-09,C030,Новосибирск,сайт,Кофе,Колумбия 250 г,690,3
10034,2025-01-09,C033,Казань,маркетплейс,Сладости,Миндаль в шоколаде,320,2
10034,2025-01-09,C033,Казань,маркетплейс,Сладости,Шоколад горький,180,3
10034,2025-01-09,C033,Казань,маркетплейс,Посуда,Кружка 350 мл,590,2
10035,2025-01-09,C155,Москва,сайт,Чай,Травяной сбор 50 г,260,3
10036,2025-01-09,C043,Екатеринбург,сайт,Чай,Улун 100 г,540,1
10036,2025-01-09,C043,Екатеринбург,сайт,Чай,Чёрный чай 100 г,350,1
10037,2025-01-09,C167,Москва,маркетплейс,Сладости,Печенье овсяное,150,1
10037,2025-01-09,C167,Москва,маркетплейс,Чай,Травяной сбор 50 г,260,1
10038,2025-01-10,C086,Москва,маркетплейс,Чай,Зелёный чай 100 г,390,2
10038,2025-01-10,C086,Москва,маркетплейс,Чай,Чёрный чай 100 г,350,1
10039,2025-01-10,C237,Казань,приложение,Кофе,Кофе без кофеина 250 г,720,1
10040,2025-01-10,C234,Санкт-Петербург,сайт,Посуда,Чайник заварочный,1350,1
10040,2025-01-10,C234,Санкт-Петербург,сайт,Чай,Травяной сбор 50 г,260,1
10041,2025-01-10,C067,Москва,сайт,Сладости,Миндаль в шоколаде,320,2
10041,2025-01-10,C067,Москва,сайт,Чай,Улун 100 г,540,1
10042,2025-01-10,C118,Москва,маркетплейс,Чай,Зелёный чай 100 г,390,1
10042,2025-01-10,C118,Москва,маркетплейс,Кофе,Кофе без кофеина 250 г,720,2
10043,2025-01-10,C190,Новосибирск,приложение,Чай,Чёрный чай 100 г,350,1
10044,2025-01-10,C234,Санкт-Петербург,приложение,Чай,Травяной сбор 50 г,260,1
10044,2025-01-10,C234,Санкт-Петербург,приложение,Чай,Чёрный чай 100 г,350,2
10045,2025-01-10,C159,Новосибирск,сайт,Кофе,Эфиопия 250 г,790,2
10045,2025-01-10,C159,Новосибирск,сайт,Кофе,Бразилия 1 кг,1290,1
10046,2025-01-11,C226,Москва,маркетплейс,Кофе,Колумбия 250 г,690,2
10046,2025-01-11,C226,Москва,маркетплейс,Чай,Чёрный чай 100 г,350,1
10047,2025-01-11,C118,Москва,сайт,Посуда,Чайник заварочный,1350,1
10047,2025-01-11,C118,Москва,сайт,Кофе,Эфиопия 250 г,790,2
10048,2025-01-11,C151,Москва,сайт,Кофе,Эфиопия 250 г,790,5
10048,2025-01-11,C151,Москва,сайт,Кофе,Эспрессо-смесь 1 кг,1450,4
10048,2025-01-11,C151,Москва,сайт,Сладости,Миндаль в шоколаде,320,2
10049,2025-01-11,C142,Екатеринбург,сайт,Чай,Зелёный чай 100 г,390,4
10049,2025-01-11,C142,Екатеринбург,сайт,Чай,Улун 100 г,540,3
10050,2025-01-11,C078,Казань,маркетплейс,Кофе,Эфиопия 250 г,790,1
10050,2025-01-11,C078,Казань,маркетплейс,Посуда,Турка медная,2400,2
10051,2025-01-11,C227,Москва,маркетплейс,Сладости,Шоколад горький,180,3
10051,2025-01-11,C227,Москва,маркетплейс,Сладости,Миндаль в шоколаде,320,2
10052,2025-01-11,C235,Москва,приложение,Кофе,Эфиопия 250 г,790,3
10053,2025-01-11,C067,Москва,сайт,Кофе,Кофе без кофеина 250 г,720,2
10053,2025-01-11,C067,Москва,сайт,Сладости,Печенье овсяное,150,2
10054,2025-01-12,C074,Казань,сайт,Аксессуары,Термокружка,1150,2
10055,2025-01-12,C089,Санкт-Петербург,сайт,Чай,Чёрный чай 100 г,350,2
10055,2025-01-12,C089,Санкт-Петербург,сайт,Сладости,Шоколад горький,180,4
10056,2025-01-12,C196,Казань,сайт,Сладости,Миндаль в шоколаде,320,2
10056,2025-01-12,C196,Казань,сайт,Кофе,Эфиопия 250 г,790,2
10057,2025-01-12,C190,Новосибирск,приложение,Чай,Зелёный чай 100 г,390,2
10058,2025-01-13,C195,Москва,сайт,Кофе,Кофе без кофеина 250 г,720,3
10058,2025-01-13,C195,Москва,сайт,Кофе,Эфиопия 250 г,790,1
10059,2025-01-13,C107,Новосибирск,приложение,Чай,Чёрный чай 100 г,350,2
10060,2025-01-13,C165,Екатеринбург,маркетплейс,Чай,Травяной сбор 50 г,260,1
10061,2025-01-13,C053,Санкт-Петербург,приложение,Сладости,Зефир,210,4
10061,2025-01-13,C053,Санкт-Петербург,приложение,Чай,Улун 100 г,540,2
10061,2025-01-13,C053,Санкт-Петербург,приложение,Кофе,Колумбия 250 г,690,3
10062,2025-01-13,C124,Санкт-Петербург,сайт,Кофе,Эфиопия 250 г,790,6
10062,2025-01-13,C124,Санкт-Петербург,сайт,Чай,Травяной сбор 50 г,260,6
10062,2025-01-13,C124,Санкт-Петербург,сайт,Аксессуары,Термокружка,1150,1
10063,2025-01-14,C087,Казань,приложение,Чай,Зелёный чай 100 г,390,1
10064,2025-01-14,C050,Москва,сайт,Сладости,Зефир,210,3
10065,2025-01-14,C023,Новосибирск,сайт,Аксессуары,Термокружка,1150,2
10065,2025-01-14,C023,Новосибирск,сайт,Кофе,Колумбия 250 г,690,1
10066,2025-01-14,C186,Москва,сайт,Чай,Зелёный чай 100 г,390,1
10067,2025-01-14,C075,Санкт-Петербург,приложение,Кофе,Эфиопия 250 г,790,5
10068,2025-01-14,C227,Москва,приложение,Чай,Чёрный чай 100 г,350,2
10069,2025-01-15,C166,Москва,сайт,Сладости,Шоколад горький,180,1
10069,2025-01-15,C166,Москва,сайт,Аксессуары,Фильтры бумажные,240,1
10070,2025-01-15,C011,Новосибирск,сайт,Чай,Травяной сбор 50 г,260,1
10071,2025-01-16,C160,Москва,приложение,Чай,Чёрный чай 100 г,350,3
10072,2025-01-16,C118,Москва,сайт,Чай,Улун 100 г,540,3
10072,2025-01-16,C118,Москва,сайт,Кофе,Колумбия 250 г,690,2
10073,2025-01-16,C067,Москва,приложение,Кофе,Колумбия 250 г,690,1
10074,2025-01-16,C074,Казань,маркетплейс,Чай,Травяной сбор 50 г,260,1
10074,2025-01-16,C074,Казань,маркетплейс,Посуда,Чайник заварочный,1350,1
10075,2025-01-16,C080,Москва,приложение,Чай,Зелёный чай 100 г,390,1
10076,2025-01-16,C227,Москва,сайт,Кофе,Эспрессо-смесь 1 кг,1450,2
10077,2025-01-16,C128,Москва,маркетплейс,Кофе,Эфиопия 250 г,790,2
10077,2025-01-16,C128,Москва,маркетплейс,Сладости,Зефир,210,3
10078,2025-01-16,C119,Новосибирск,маркетплейс,Чай,Травяной сбор 50 г,260,2
10078,2025-01-16,C119,Новосибирск,маркетплейс,Кофе,Эспрессо-смесь 1 кг,1450,1
10079,2025-01-17,C237,Казань,сайт,Чай,Зелёный чай 100 г,390,1
10080,2025-01-17,C132,Москва,маркетплейс,Посуда,Кружка 350 мл,590,3
10081,2025-01-17,C114,Санкт-Петербург,приложение,Чай,Травяной сбор 50 г,260,1
10081,2025-01-17,C114,Санкт-Петербург,приложение,Сладости,Миндаль в шоколаде,320,2
10082,2025-01-17,C087,Казань,приложение,Кофе,Эфиопия 250 г,790,1
10082,2025-01-17,C087,Казань,приложение,Чай,Зелёный чай 100 г,390,6
10083,2025-01-17,C138,Екатеринбург,сайт,Кофе,Бразилия 1 кг,1290,1
10083,2025-01-17,C138,Екатеринбург,сайт,Чай,Улун 100 г,540,1
10084,2025-01-17,C081,Москва,приложение,Посуда,Кружка 350 мл,590,2
10084,2025-01-17,C081,Москва,приложение,Кофе,Эфиопия 250 г,790,1
10085,2025-01-17,C192,Новосибирск,маркетплейс,Чай,Зелёный чай 100 г,390,1
10086,2025-01-17,C176,Санкт-Петербург,маркетплейс,Кофе,Кофе без кофеина 250 г,720,1
10086,2025-01-17,C176,Санкт-Петербург,маркетплейс,Сладости,Печенье овсяное,150,3
10087,2025-01-18,C023,Новосибирск,приложение,Чай,Улун 100 г,540,1
10088,2025-01-18,C151,Москва,маркетплейс,Кофе,Эфиопия 250 г,790,6
10089,2025-01-18,C214,Москва,сайт,Чай,Зелёный чай 100 г,390,2
10090,2025-01-18,C054,Казань,маркетплейс,Чай,Улун 100 г,540,3
10091,2025-01-18,C045,Москва,сайт,Чай,Травяной сбор 50 г,260,3
10091,2025-01-18,C045,Москва,сайт,Кофе,Эфиопия 250 г,790,3
10092,2025-01-19,C121,Новосибирск,маркетплейс,Кофе,Эспрессо-смесь 1 кг,1450,1
10092,2025-01-19,C121,Новосибирск,маркетплейс,Кофе,Колумбия 250 г,690,2
10093,2025-01-19,C005,Екатеринбург,сайт,Чай,Чёрный чай 100 г,350,3
10094,2025-01-19,C041,Санкт-Петербург,маркетплейс,Сладости,Зефир,210,2
10094,2025-01-19,C041,Санкт-Петербург,маркетплейс,Чай,Улун 100 г,540,3
10095,2025-01-19,C130,Санкт-Петербург,приложение,Сладости,Шоколад горький,180,2
10096,2025-01-19,C057,Новосибирск,сайт,Сладости,Зефир,210,2
10096,2025-01-19,C057,Новосибирск,сайт,Кофе,Колумбия 250 г,690,2
10097,2025-01-19,C054,Казань,приложение,Кофе,Эфиопия 250 г,790,1
10097,2025-01-19,C054,Казань,приложение,Сладости,Шоколад горький,180,4
10098,2025-01-20,C011,Новосибирск,приложение,Чай,Улун 100 г,540,2
10098,2025-01-20,C011,Новосибирск,приложение,Кофе,Кофе без кофеина 250 г,720,2
10098,2025-01-20,C011,Новосибирск,приложение,Сладости,Зефир,210,3
10099,2025-01-20,C144,Новосибирск,сайт,Кофе,Эспрессо-смесь 1 кг,1450,2
10099,2025-01-20,C144,Новосибирск,сайт,Кофе,Бразилия 1 кг,1290,1
10100,2025-01-20,C221,Екатеринбург,приложение,Кофе,Бразилия 1 кг,1290,1
10100,2025-01-20,C221,Екатеринбург,приложение,Посуда,Чайник заварочный,1350,2
10101,2025-01-20,C058,Санкт-Петербург,сайт,Кофе,Кофе без кофеина 250 г,720,1
10101,2025-01-20,C058,Санкт-Петербург,сайт,Чай,Зелёный чай 100 г,390,1
10102,2025-01-20,C222,Екатеринбург,сайт,Сладости,Печенье овсяное,150,2
10103,2025-01-21,C098,Санкт-Петербург,маркетплейс,Чай,Улун 100 г,540,2
10104,2025-01-21,C221,Екатеринбург,сайт,Чай,Травяной сбор 50 г,260,1
10105,2025-01-21,C134,Москва,сайт,Чай,Улун 100 г,540,6
10106,2025-01-21,C237,Казань,сайт,Кофе,Эспрессо-смесь 1 кг,1450,1
10106,2025-01-21,C237,Казань,сайт,Кофе,Кофе без кофеина 250 г,720,2
10107,2025-01-22,C038,Санкт-Петербург,маркетплейс,Сладости,Печенье овсяное,150,2
10107,2025-01-22,C038,Санкт-Петербург,маркетплейс,Сладости,Шоколад горький,180,5
10108,2025-01-22,C075,Санкт-Петербург,приложение,Кофе,Колумбия 250 г,690,6
10108,2025-01-22,C075,Санкт-Петербург,приложение,Аксессуары,Фильтры бумажные,240,2
10109,2025-01-22,C160,Москва,сайт,Чай,Улун 100 г,540,1
10109,2025-01-22,C160,Москва,сайт,Сладости,Зефир,210,2
10110,2025-01-22,C202,Санкт-Петербург,сайт,Посуда,Френч-пресс,1890,2
10111,2025-01-22,C149,Москва,сайт,Чай,Чёрный чай 100 г,350,3
10111,2025-01-22,C149,Москва,сайт,Кофе,Колумбия 250 г,690,3
10112,2025-01-22,C221,Екатеринбург,маркетплейс,Сладости,Печенье овсяное,150,2
10113,2025-01-22,C119,Новосибирск,сайт,Чай,Чёрный чай 100 г,350,2
10114,2025-01-23,C128,Москва,приложение,Сладости,Шоколад горький,180,2
10115,2025-01-23,C237,Казань,приложение,Чай,Чёрный чай 100 г,350,2
10115,2025-01-23,C237,Казань,приложение,Кофе,Эфиопия 250 г,790,3
10115,2025-01-23,C237,Казань,приложение,Кофе,Кофе без кофеина 250 г,720,2
10116,2025-01-23,C118,Москва,сайт,Кофе,Кофе без кофеина 250 г,720,4
10117,2025-01-24,C170,Москва,маркетплейс,Кофе,Бразилия 1 кг,1290,1
10117,2025-01-24,C170,Москва,маркетплейс,Чай,Улун 100 г,540,2
10118,2025-01-24,C118,Москва,приложение,Чай,Зелёный чай 100 г,390,1
10119,2025-01-24,C079,Санкт-Петербург,маркетплейс,Чай,Зелёный чай 100 г,390,3
10119,2025-01-24,C079,Санкт-Петербург,маркетплейс,Кофе,Кофе без кофеина 250 г,720,1
10120,2025-01-24,C220,Москва,приложение,Чай,Улун 100 г,540,2
10120,2025-01-24,C220,Москва,приложение,Кофе,Эфиопия 250 г,790,5
10121,2025-01-24,C214,Москва,сайт,Аксессуары,Фильтры бумажные,240,3
10121,2025-01-24,C214,Москва,сайт,Кофе,Колумбия 250 г,690,2
10121,2025-01-24,C214,Москва,сайт,Кофе,Бразилия 1 кг,1290,2
10122,2025-01-25,C178,Санкт-Петербург,сайт,Чай,Чёрный чай 100 г,350,2
10122,2025-01-25,C178,Санкт-Петербург,сайт,Сладости,Печенье овсяное,150,2
10122,2025-01-25,C178,Санкт-Петербург,сайт,Чай,Травяной сбор 50 г,260,2
10123,2025-01-25,C127,Казань,сайт,Кофе,Эспрессо-смесь 1 кг,1450,1
10123,2025-01-25,C127,Казань,сайт,Чай,Чёрный чай 100 г,350,2
10124,2025-01-25,C006,Москва,приложение,Сладости,Шоколад горький,180,1
10125,2025-01-26,C151,Москва,приложение,Кофе,Колумбия 250 г,690,7
10125,2025-01-26,C151,Москва,приложение,Сладости,Печенье овсяное,150,2
10126,2025-01-26,C043,Екатеринбург,приложение,Кофе,Кофе без кофеина 250 г,720,2
10126,2025-01-26,C043,Екатеринбург,приложение,Кофе,Эспрессо-смесь 1 кг,1450,1
10127,2025-01-26,C023,Новосибирск,приложение,Чай,Улун 100 г,540,1
10128,2025-01-27,C017,Екатеринбург,сайт,Чай,Улун 100 г,540,2
10129,2025-01-27,C207,Санкт-Петербург,маркетплейс,Кофе,Кофе без кофеина 250 г,720,3
10130,2025-01-27,C019,Москва,маркетплейс,Чай,Зелёный чай 100 г,390,1
10131,2025-01-27,C119,Новосибирск,сайт,Кофе,Кофе без кофеина 250 г,720,2
10131,2025-01-27,C119,Новосибирск,сайт,Сладости,Миндаль в шоколаде,320,3
10132,2025-01-28,C218,Екатеринбург,приложение,Чай,Улун 100 г,540,1
10132,2025-01-28,C218,Екатеринбург,приложение,Чай,Зелёный чай 100 г,390,3
10133,2025-01-28,C123,Москва,сайт,Кофе,Кофе без кофеина 250 г,720,2
10133,2025-01-28,C123,Москва,сайт,Кофе,Эфиопия 250 г,790,3
10134,2025-01-28,C216,Москва,приложение,Кофе,Эспрессо-смесь 1 кг,1450,4
10135,2025-01-28,C185,Санкт-Петербург,приложение,Аксессуары,Кофемолка ручная,3200,1
10135,2025-01-28,C185,Санкт-Петербург,приложение,Кофе,Колумбия 250 г,690,3
10136,2025-01-28,C176,Санкт-Петербург,приложение,Чай,Чёрный чай 100 г,350,4
10136,2025-01-28,C176,Санкт-Петербург,приложение,Посуда,Турка медная,2400,2
10136,2025-01-28,C176,Санкт-Петербург,приложение,Чай,Зелёный чай 100 г,390,2
10137,2025-01-28,C041,Санкт-Петербург,приложение,Кофе,Бразилия 1 кг,1290,1
10138,2025-01-29,C158,Казань,маркетплейс,Сладости,Шоколад горький,180,1
10138,2025-01-29,C158,Казань,маркетплейс,Кофе,Колумбия 250 г,690,3
10139,2025-01-30,C125,Москва,сайт,Чай,Зелёный чай 100 г,390,2
10140,2025-01-30,C237,Казань,маркетплейс,Посуда,Турка медная,2400,1
10140,2025-01-30,C237,Казань,маркетплейс,Чай,Чёрный чай 100 г,350,2
10140,2025-01-30,C237,Казань,маркетплейс,Чай,Травяной сбор 50 г,260,1
10141,2025-01-31,C067,Москва,приложение,Чай,Зелёный чай 100 г,390,3
10141,2025-01-31,C067,Москва,приложение,Чай,Улун 100 г,540,3
10142,2025-01-31,C090,Новосибирск,приложение,Чай,Чёрный чай 100 г,350,3
10143,2025-01-31,C132,Москва,приложение,Чай,Чёрный чай 100 г,350,2
10144,2025-02-01,C139,Екатеринбург,сайт,Сладости,Шоколад горький,180,2
10144,2025-02-01,C139,Екатеринбург,сайт,Кофе,Эфиопия 250 г,790,2
10145,2025-02-01,C028,Москва,маркетплейс,Сладости,Печенье овсяное,150,4
10146,2025-02-01,C164,Москва,сайт,Кофе,Колумбия 250 г,690,1
10147,2025-02-01,C023,Новосибирск,маркетплейс,Чай,Зелёный чай 100 г,390,2
10147,2025-02-01,C023,Новосибирск,маркетплейс,Сладости,Зефир,210,5
10147,2025-02-01,C023,Новосибирск,маркетплейс,Чай,Улун 100 г,540,1
10148,2025-02-01,C038,Санкт-Петербург,приложение,Сладости,Зефир,210,2
10149,2025-02-01,C092,Казань,приложение,Чай,Зелёный чай 100 г,390,2
10150,2025-02-02,C121,Новосибирск,приложение,Сладости,Миндаль в шоколаде,320,2
10151,2025-02-02,C046,Казань,маркетплейс,Кофе,Колумбия 250 г,690,3
10151,2025-02-02,C046,Казань,маркетплейс,Чай,Чёрный чай 100 г,350,1
10152,2025-02-02,C038,Санкт-Петербург,маркетплейс,Сладости,Шоколад горький,180,1
10152,2025-02-02,C038,Санкт-Петербург,маркетплейс,Сладости,Миндаль в шоколаде,320,2
10152,2025-02-02,C038,Санкт-Петербург,маркетплейс,Кофе,Бразилия 1 кг,1290,1
10153,2025-02-02,C045,Москва,сайт,Чай,Улун 100 г,540,4
10154,2025-02-02,C179,Москва,маркетплейс,Сладости,Зефир,210,1
10154,2025-02-02,C179,Москва,маркетплейс,Кофе,Эфиопия 250 г,790,2
10155,2025-02-03,C081,Москва,маркетплейс,Кофе,Эфиопия 250 г,790,3
10155,2025-02-03,C081,Москва,маркетплейс,Кофе,Эспрессо-смесь 1 кг,1450,1
10156,2025-02-03,C122,Екатеринбург,приложение,Кофе,Бразилия 1 кг,1290,3
10157,2025-02-03,C162,Москва,сайт,Посуда,Кружка 350 мл,590,2
10157,2025-02-03,C162,Москва,сайт,Кофе,Бразилия 1 кг,1290,1
10158,2025-02-03,C025,Москва,маркетплейс,Посуда,Чайник заварочный,1350,1
10158,2025-02-03,C025,Москва,маркетплейс,Чай,Чёрный чай 100 г,350,2
10159,2025-02-03,C164,Москва,сайт,Кофе,Эфиопия 250 г,790,2
10160,2025-02-03,C022,Екатеринбург,сайт,Чай,Зелёный чай 100 г,390,7
10160,2025-02-03,C022,Екатеринбург,сайт,Сладости,Печенье овсяное,150,1
10161,2025-02-03,C143,Москва,сайт,Сладости,Шоколад горький,180,4
10162,2025-02-04,C207,Санкт-Петербург,сайт,Сладости,Печенье овсяное,150,1
10162,2025-02-04,C207,Санкт-Петербург,сайт,Чай,Травяной сбор 50 г,260,3
10163,2025-02-05,C089,Санкт-Петербург,приложение,Сладости,Миндаль в шоколаде,320,1
10163,2025-02-05,C089,Санкт-Петербург,приложение,Чай,Улун 100 г,540,1
10163,2025-02-05,C089,Санкт-Петербург,приложение,Кофе,Эспрессо-смесь 1 кг,1450,1
10164,2025-02-05,C227,Москва,сайт,Кофе,Эспрессо-смесь 1 кг,1450,1
10164,2025-02-05,C227,Москва,сайт,Чай,Зелёный чай 100 г,390,1
10165,2025-02-05,C112,Новосибирск,сайт,Посуда,Турка медная,2400,1
10166,2025-02-06,C208,Санкт-Петербург,маркетплейс,Кофе,Колумбия 250 г,690,2
10166,2025-02-06,C208,Санкт-Петербург,маркетплейс,Кофе,Эфиопия 250 г,790,3
10167,2025-02-06,C227,Москва,сайт,Чай,Чёрный чай 100 г,350,1
10168,2025-02-06,C234,Санкт-Петербург,сайт,Кофе,Эспрессо-смесь 1 кг,1450,1
10169,2025-02-06,C068,Москва,приложение,Чай,Зелёный чай 100 г,390,1
10169,2025-02-06,C068,Москва,приложение,Сладости,Зефир,210,3
10170,2025-02-06,C207,Санкт-Петербург,приложение,Кофе,Эфиопия 250 г,790,2
10170,2025-02-06,C207,Санкт-Петербург,приложение,Чай,Травяной сбор 50 г,260,2
10171,2025-02-07,C023,Новосибирск,сайт,Чай,Зелёный чай 100 г,390,1
10171,2025-02-07,C023,Новосибирск,сайт,Чай,Чёрный чай 100 г,350,1
10172,2025-02-07,C064,Москва,сайт,Чай,Травяной сбор 50 г,260,2
10172,2025-02-07,C064,Москва,сайт,Кофе,Колумбия 250 г,690,2
10173,2025-02-07,C098,Санкт-Петербург,маркетплейс,Чай,Чёрный чай 100 г,350,2
10173,2025-02-07,C098,Санкт-Петербург,маркетплейс,Чай,Зелёный чай 100 г,390,1
10174,2025-02-07,C063,Екатеринбург,маркетплейс,Чай,Зелёный чай 100 г,390,1
10175,2025-02-07,C081,Москва,маркетплейс,Кофе,Кофе без кофеина 250 г,720,3
10176,2025-02-07,C030,Новосибирск,приложение,Сладости,Миндаль в шоколаде,320,2
10176,2025-02-07,C030,Новосибирск,приложение,Чай,Травяной сбор 50 г,260,4
10177,2025-02-07,C178,Санкт-Петербург,маркетплейс,Кофе,Эспрессо-смесь 1 кг,1450,1
10177,2025-02-07,C178,Санкт-Петербург,маркетплейс,Чай,Улун 100 г,540,2
10178,2025-02-08,C220,Москва,сайт,Аксессуары,Фильтры бумажные,240,3
10178,2025-02-08,C220,Москва,сайт,Кофе,Бразилия 1 кг,1290,1
10179,2025-02-08,C195,Москва,маркетплейс,Кофе,Колумбия 250 г,690,2
10180,2025-02-08,C203,Казань,приложение,Чай,Травяной сбор 50 г,260,3
10181,2025-02-08,C087,Казань,сайт,Кофе,Кофе без кофеина 250 г,720,3
10182,2025-02-08,C207,Санкт-Петербург,маркетплейс,Посуда,Кружка 350 мл,590,2
10183,2025-02-08,C135,Санкт-Петербург,сайт,Сладости,Зефир,210,2
10184,2025-02-08,C024,Санкт-Петербург,сайт,Чай,Зелёный чай 100 г,390,6
10185,2025-02-08,C023,Новосибирск,сайт,Сладости,Шоколад горький,180,2
10186,2025-02-08,C091,Москва,сайт,Чай,Чёрный чай 100 г,350,3
10186,2025-02-08,C091,Москва,сайт,Чай,Улун 100 г,540,2
10186,2025-02-08,C091,Москва,сайт,Кофе,Колумбия 250 г,690,5
10187,2025-02-09,C041,Санкт-Петербург,сайт,Кофе,Колумбия 250 г,690,2
10187,2025-02-09,C041,Санкт-Петербург,сайт,Чай,Зелёный чай 100 г,390,2
10188,2025-02-09,C023,Новосибирск,сайт,Кофе,Кофе без кофеина 250 г,720,1
10189,2025-02-10,C190,Новосибирск,приложение,Чай,Улун 100 г,540,3
10189,2025-02-10,C190,Новосибирск,приложение,Чай,Зелёный чай 100 г,390,2
10190,2025-02-10,C068,Москва,сайт,Кофе,Колумбия 250 г,690,1
10190,2025-02-10,C068,Москва,сайт,Кофе,Эфиопия 250 г,790,3
10191,2025-02-11,C126,Екатеринбург,сайт,Сладости,Печенье овсяное,150,2
10192,2025-02-11,C113,Екатеринбург,сайт,Сладости,Шоколад горький,180,2
10193,2025-02-11,C160,Москва,сайт,Посуда,Турка медная,2400,1
10193,2025-02-11,C160,Москва,сайт,Чай,Чёрный чай 100 г,350,1
10194,2025-02-11,C015,Екатеринбург,маркетплейс,Кофе,Бразилия 1 кг,1290,1
10195,2025-02-11,C214,Москва,сайт,Аксессуары,Термокружка,1150,1
10196,2025-02-12,C121,Новосибирск,приложение,Чай,Чёрный чай 100 г,350,1
10197,2025-02-13,C234,Санкт-Петербург,приложение,Чай,Улун 100 г,540,3
10198,2025-02-13,C220,Москва,сайт,Кофе,Эспрессо-смесь 1 кг,1450,1
10199,2025-02-13,C063,Екатеринбург,сайт,Кофе,Эспрессо-смесь 1 кг,1450,1
10199,2025-02-13,C063,Екатеринбург,сайт,Кофе,Колумбия 250 г,690,1
10200,2025-02-14,C115,Казань,сайт,Сладости,Шоколад горький,180,4
10200,2025-02-14,C115,Казань,сайт,Чай,Зелёный чай 100 г,390,3
10201,2025-02-14,C068,Москва,сайт,Аксессуары,Фильтры бумажные,240,2
10202,2025-02-14,C176,Санкт-Петербург,сайт,Кофе,Бразилия 1 кг,1290,1
10203,2025-02-14,C068,Москва,маркетплейс,Чай,Чёрный чай 100 г,350,2
10204,2025-02-15,C108,Санкт-Петербург,сайт,Кофе,Колумбия 250 г,690,5
10204,2025-02-15,C108,Санкт-Петербург,сайт,Чай,Травяной сбор 50 г,260,5
10204,2025-02-15,C108,Санкт-Петербург,сайт,Кофе,Эфиопия 250 г,790,5
10205,2025-02-15,C059,Москва,сайт,Сладости,Шоколад горький,180,2
10205,2025-02-15,C059,Москва,сайт,Кофе,Эфиопия 250 г,790,3
10206,2025-02-15,C072,Екатеринбург,маркетплейс,Аксессуары,Фильтры бумажные,240,2
10206,2025-02-15,C072,Екатеринбург,маркетплейс,Чай,Чёрный чай 100 г,350,7
10207,2025-02-15,C053,Санкт-Петербург,маркетплейс,Чай,Чёрный чай 100 г,350,1
10207,2025-02-15,C053,Санкт-Петербург,маркетплейс,Чай,Травяной сбор 50 г,260,3
10208,2025-02-15,C124,Санкт-Петербург,сайт,Сладости,Печенье овсяное,150,1
10209,2025-02-15,C050,Москва,маркетплейс,Посуда,Френч-пресс,1890,2
10210,2025-02-16,C138,Екатеринбург,маркетплейс,Сладости,Печенье овсяное,150,2
10211,2025-02-16,C137,Санкт-Петербург,маркетплейс,Сладости,Шоколад горький,180,1
10211,2025-02-16,C137,Санкт-Петербург,маркетплейс,Чай,Чёрный чай 100 г,350,5
10211,2025-02-16,C137,Санкт-Петербург,маркетплейс,Кофе,Эфиопия 250 г,790,6
10212,2025-02-16,C227,Москва,сайт,Чай,Травяной сбор 50 г,260,2
10213,2025-02-16,C123,Москва,сайт,Кофе,Эспрессо-смесь 1 кг,1450,2
10213,2025-02-16,C123,Москва,сайт,Чай,Зелёный чай 100 г,390,1
10214,2025-02-16,C032,Москва,сайт,Чай,Травяной сбор 50 г,260,1
10215,2025-02-16,C013,Новосибирск,сайт,Сладости,Миндаль в шоколаде,320,1
10215,2025-02-16,C013,Новосибирск,сайт,Чай,Зелёный чай 100 г,390,2
10216,2025-02-16,C097,Санкт-Петербург,маркетплейс,Сладости,Зефир,210,1
10217,2025-02-16,C195,Москва,сайт,Аксессуары,Кофемолка ручная,3200,2
10217,2025-02-16,C195,Москва,сайт,Кофе,Эфиопия 250 г,790,2
10218,2025-02-17,C030,Новосибирск,сайт,Кофе,Колумбия 250 г,690,1
10219,2025-02-17,C068,Москва,приложение,Аксессуары,Термокружка,1150,1
10220,2025-02-17,C098,Санкт-Петербург,приложение,Кофе,Кофе без кофеина 250 г,720,2
10221,2025-02-17,C098,Санкт-Петербург,маркетплейс,Кофе,Кофе без кофеина 250 г,720,4
10221,2025-02-17,C098,Санкт-Петербург,маркетплейс,Посуда,Чайник заварочный,1350,1
10222,2025-02-18,C216,Москва,приложение,Кофе,Кофе без кофеина 250 г,720,6
10223,2025-02-18,C167,Москва,маркетплейс,Чай,Травяной сбор 50 г,260,2
10224,2025-02-18,C216,Москва,сайт,Кофе,Колумбия 250 г,690,3
10225,2025-02-18,C064,Москва,сайт,Чай,Улун 100 г,540,2
10226,2025-02-18,C234,Санкт-Петербург,маркетплейс,Кофе,Колумбия 250 г,690,1
10227,2025-02-18,C233,Санкт-Петербург,сайт,Чай,Чёрный чай 100 г,350,2
10227,2025-02-18,C233,Санкт-Петербург,сайт,Кофе,Эспрессо-смесь 1 кг,1450,1
10228,2025-02-18,C219,Екатеринбург,сайт,Кофе,Колумбия 250 г,690,2
10229,2025-02-18,C090,Новосибирск,сайт,Чай,Травяной сбор 50 г,260,7
10229,2025-02-18,C090,Новосибирск,сайт,Кофе,Эфиопия 250 г,790,9
10230,2025-02-19,C216,Москва,маркетплейс,Кофе,Колумбия 250 г,690,6
10231,2025-02-19,C191,Казань,сайт,Кофе,Кофе без кофеина 250 г,720,1
10232,2025-02-19,C083,Москва,приложение,Чай,Чёрный чай 100 г,350,6
10232,2025-02-19,C083,Москва,приложение,Сладости,Зефир,210,2
10233,2025-02-19,C038,Санкт-Петербург,маркетплейс,Кофе,Колумбия 250 г,690,1
10234,2025-02-19,C221,Екатеринбург,сайт,Чай,Травяной сбор 50 г,260,1
10235,2025-02-19,C010,Москва,сайт,Кофе,Эспрессо-смесь 1 кг,1450,1
10235,2025-02-19,C010,Москва,сайт,Кофе,Кофе без кофеина 250 г,720,1
10236,2025-02-19,C041,Санкт-Петербург,сайт,Чай,Зелёный чай 100 г,390,1
10237,2025-02-19,C228,Москва,маркетплейс,Кофе,Кофе без кофеина 250 г,720,2
10237,2025-02-19,C228,Москва,маркетплейс,Кофе,Эфиопия 250 г,790,2
10238,2025-02-19,C110,Екатеринбург,приложение,Посуда,Кружка 350 мл,590,2
10239,2025-02-20,C208,Санкт-Петербург,приложение,Чай,Чёрный чай 100 г,350,1
10239,2025-02-20,C208,Санкт-Петербург,приложение,Чай,Зелёный чай 100 г,390,2
10240,2025-02-20,C190,Новосибирск,приложение,Посуда,Чайник заварочный,1350,1
10241,2025-02-20,C122,Екатеринбург,сайт,Сладости,Миндаль в шоколаде,320,3
10242,2025-02-20,C038,Санкт-Петербург,маркетплейс,Чай,Травяной сбор 50 г,260,1
10243,2025-02-20,C170,Москва,приложение,Кофе,Колумбия 250 г,690,2
10244,2025-02-20,C111,Москва,сайт,Чай,Улун 100 г,540,2
10245,2025-02-21,C050,Москва,маркетплейс,Сладости,Печенье овсяное,150,2
10246,2025-02-21,C195,Москва,сайт,Чай,Травяной сбор 50 г,260,3
10246,2025-02-21,C195,Москва,сайт,Чай,Зелёный чай 100 г,390,2
10247,2025-02-21,C138,Екатеринбург,сайт,Кофе,Эфиопия 250 г,790,3
10248,2025-02-22,C115,Казань,маркетплейс,Сладости,Зефир,210,2
10249,2025-02-22,C011,Новосибирск,маркетплейс,Кофе,Бразилия 1 кг,1290,1
10250,2025-02-22,C068,Москва,сайт,Кофе,Кофе без кофеина 250 г,720,2
10250,2025-02-22,C068,Москва,сайт,Сладости,Печенье овсяное,150,2
10250,2025-02-22,C068,Москва,сайт,Посуда,Кружка 350 мл,590,1
10251,2025-02-23,C216,Москва,сайт,Кофе,Кофе без кофеина 250 г,720,4
10252,2025-02-23,C068,Москва,маркетплейс,Чай,Улун 100 г,540,3
10253,2025-02-23,C138,Екатеринбург,маркетплейс,Чай,Чёрный чай 100 г,350,1
10254,2025-02-23,C064,Москва,приложение,Чай,Зелёный чай 100 г,390,1
10254,2025-02-23,C064,Москва,приложение,Чай,Травяной сбор 50 г,260,2
10255,2025-02-23,C119,Новосибирск,приложение,Кофе,Эспрессо-смесь 1 кг,1450,1
10256,2025-02-23,C100,Екатеринбург,сайт,Чай,Чёрный чай 100 г,350,1
10257,2025-02-24,C134,Москва,сайт,Чай,Улун 100 г,540,6
10258,2025-02-24,C134,Москва,сайт,Чай,Зелёный чай 100 г,390,9
10259,2025-02-24,C068,Москва,сайт,Кофе,Кофе без кофеина 250 г,720,1
10260,2025-02-24,C178,Санкт-Петербург,приложение,Кофе,Бразилия 1 кг,1290,2
10260,2025-02-24,C178,Санкт-Петербург,приложение,Кофе,Колумбия 250 г,690,3
10260,2025-02-24,C178,Санкт-Петербург,приложение,Кофе,Кофе без кофеина 250 г,720,3
10261,2025-02-25,C196,Казань,маркетплейс,Чай,Улун 100 г,540,4
10262,2025-02-25,C169,Казань,сайт,Чай,Улун 100 г,540,4
10262,2025-02-25,C169,Казань,сайт,Кофе,Кофе без кофеина 250 г,720,1
10263,2025-02-25,C122,Екатеринбург,маркетплейс,Кофе,Эспрессо-смесь 1 кг,1450,1
10264,2025-02-25,C135,Санкт-Петербург,сайт,Чай,Чёрный чай 100 г,350,1
10265,2025-02-26,C171,Москва,маркетплейс,Сладости,Шоколад горький,180,2
10266,2025-02-26,C179,Москва,маркетплейс,Чай,Чёрный чай 100 г,350,1
10267,2025-02-26,C041,Санкт-Петербург,сайт,Кофе,Колумбия 250 г,690,1
10267,2025-02-26,C041,Санкт-Петербург,сайт,Чай,Улун 100 г,540,1
10268,2025-02-26,C130,Санкт-Петербург,маркетплейс,Сладости,Печенье овсяное,150,1
10269,2025-02-26,C122,Екатеринбург,сайт,Кофе,Бразилия 1 кг,1290,1
10269,2025-02-26,C122,Екатеринбург,сайт,Кофе,Кофе без кофеина 250 г,720,2
10269,2025-02-26,C122,Екатеринбург,сайт,Сладости,Печенье овсяное,150,1
10270,2025-02-26,C195,Москва,приложение,Кофе,Колумбия 250 г,690,1
10271,2025-02-26,C047,Казань,сайт,Кофе,Эспрессо-смесь 1 кг,1450,2
10272,2025-02-27,C170,Москва,сайт,Кофе,Эфиопия 250 г,790,2
10273,2025-02-27,C006,Москва,сайт,Чай,Зелёный чай 100 г,390,1
10273,2025-02-27,C006,Москва,сайт,Кофе,Эспрессо-смесь 1 кг,1450,1
10274,2025-02-27,C074,Казань,приложение,Чай,Чёрный чай 100 г,350,4
10275,2025-02-27,C162,Москва,сайт,Чай,Улун 100 г,540,1
10276,2025-02-27,C119,Новосибирск,приложение,Кофе,Кофе без кофеина 250 г,720,2
10277,2025-02-27,C097,Санкт-Петербург,сайт,Кофе,Эспрессо-смесь 1 кг,1450,1
10278,2025-02-28,C138,Екатеринбург,сайт,Кофе,Кофе без кофеина 250 г,720,2
10279,2025-02-28,C113,Екатеринбург,приложение,Чай,Улун 100 г,540,4
10279,2025-02-28,C113,Екатеринбург,приложение,Кофе,Бразилия 1 кг,1290,1
10280,2025-02-28,C068,Москва,приложение,Чай,Улун 100 г,540,1
10280,2025-02-28,C068,Москва,приложение,Сладости,Печенье овсяное,150,1
10281,2025-02-28,C140,Санкт-Петербург,приложение,Сладости,Миндаль в шоколаде,320,3
10281,2025-02-28,C140,Санкт-Петербург,приложение,Сладости,Зефир,210,1
10282,2025-03-01,C097,Санкт-Петербург,сайт,Посуда,Френч-пресс,1890,1
10282,2025-03-01,C097,Санкт-Петербург,сайт,Чай,Зелёный чай 100 г,390,3
10283,2025-03-01,C057,Новосибирск,приложение,Чай,Чёрный чай 100 г,350,2
10284,2025-03-01,C195,Москва,сайт,Чай,Травяной сбор 50 г,260,3
10285,2025-03-01,C203,Казань,приложение,Кофе,Эфиопия 250 г,790,3
10285,2025-03-01,C203,Казань,приложение,Чай,Улун 100 г,540,1
10286,2025-03-01,C120,Санкт-Петербург,маркетплейс,Аксессуары,Фильтры бумажные,240,3
10287,2025-03-01,C113,Екатеринбург,приложение,Посуда,Кружка 350 мл,590,4
10287,2025-03-01,C113,Екатеринбург,приложение,Кофе,Бразилия 1 кг,1290,1
10288,2025-03-01,C170,Москва,приложение,Кофе,Эспрессо-смесь 1 кг,1450,1
10289,2025-03-01,C220,Москва,сайт,Чай,Травяной сбор 50 г,260,1
10289,2025-03-01,C220,Москва,сайт,Сладости,Печенье овсяное,150,3
10290,2025-03-02,C178,Санкт-Петербург,приложение,Сладости,Печенье овсяное,150,2
10290,2025-03-02,C178,Санкт-Петербург,приложение,Чай,Чёрный чай 100 г,350,1
10291,2025-03-02,C147,Москва,приложение,Кофе,Бразилия 1 кг,1290,2
10292,2025-03-02,C038,Санкт-Петербург,приложение,Кофе,Бразилия 1 кг,1290,1
10293,2025-03-02,C199,Москва,приложение,Кофе,Кофе без кофеина 250 г,720,2
10293,2025-03-02,C199,Москва,приложение,Чай,Травяной сбор 50 г,260,1
10294,2025-03-02,C176,Санкт-Петербург,сайт,Кофе,Колумбия 250 г,690,3
10294,2025-03-02,C176,Санкт-Петербург,сайт,Чай,Зелёный чай 100 г,390,1
10295,2025-03-02,C057,Новосибирск,приложение,Кофе,Кофе без кофеина 250 г,720,1
10295,2025-03-02,C057,Новосибирск,приложение,Чай,Улун 100 г,540,2
10296,2025-03-02,C196,Казань,сайт,Сладости,Печенье овсяное,150,2
10297,2025-03-02,C069,Казань,маркетплейс,Кофе,Бразилия 1 кг,1290,1
10298,2025-03-02,C189,Санкт-Петербург,маркетплейс,Посуда,Френч-пресс,1890,1
10298,2025-03-02,C189,Санкт-Петербург,маркетплейс,Кофе,Колумбия 250 г,690,1
10298,2025-03-02,C189,Санкт-Петербург,маркетплейс,Сладости,Печенье овсяное,150,1
10299,2025-03-03,C131,Санкт-Петербург,приложение,Кофе,Эфиопия 250 г,790,3
10300,2025-03-03,C054,Казань,сайт,Кофе,Колумбия 250 г,690,2
10300,2025-03-03,C054,Казань,сайт,Кофе,Бразилия 1 кг,1290,1
10300,2025-03-03,C054,Казань,сайт,Аксессуары,Термокружка,1150,2
10301,2025-03-03,C091,Москва,маркетплейс,Кофе,Бразилия 1 кг,1290,1
10301,2025-03-03,C091,Москва,маркетплейс,Кофе,Эспрессо-смесь 1 кг,1450,1
10302,2025-03-03,C068,Москва,сайт,Кофе,Кофе без кофеина 250 г,720,2
10302,2025-03-03,C068,Москва,сайт,Чай,Улун 100 г,540,1
10303,2025-03-04,C017,Екатеринбург,сайт,Сладости,Зефир,210,2
10304,2025-03-05,C194,Казань,сайт,Сладости,Зефир,210,4
10304,2025-03-05,C194,Казань,сайт,Посуда,Кружка 350 мл,590,1
10305,2025-03-05,C126,Екатеринбург,сайт,Кофе,Эфиопия 250 г,790,4
10306,2025-03-06,C073,Санкт-Петербург,сайт,Сладости,Печенье овсяное,150,2
10307,2025-03-06,C040,Екатеринбург,приложение,Кофе,Эспрессо-смесь 1 кг,1450,1
10308,2025-03-06,C142,Екатеринбург,сайт,Сладости,Зефир,210,1
10309,2025-03-06,C122,Екатеринбург,приложение,Чай,Зелёный чай 100 г,390,1
10309,2025-03-06,C122,Екатеринбург,приложение,Чай,Улун 100 г,540,2
10309,2025-03-06,C122,Екатеринбург,приложение,Сладости,Зефир,210,2
10310,2025-03-07,C118,Москва,маркетплейс,Посуда,Турка медная,2400,3
10310,2025-03-07,C118,Москва,маркетплейс,Сладости,Печенье овсяное,150,2
10311,2025-03-07,C122,Екатеринбург,маркетплейс,Чай,Зелёный чай 100 г,390,1
10311,2025-03-07,C122,Екатеринбург,маркетплейс,Посуда,Френч-пресс,1890,3
10311,2025-03-07,C122,Екатеринбург,маркетплейс,Кофе,Эфиопия 250 г,790,2
10312,2025-03-07,C005,Екатеринбург,маркетплейс,Кофе,Колумбия 250 г,690,4
10313,2025-03-07,C203,Казань,сайт,Кофе,Колумбия 250 г,690,2
10314,2025-03-08,C194,Казань,сайт,Аксессуары,Термокружка,1150,1
10315,2025-03-08,C196,Казань,маркетплейс,Кофе,Эфиопия 250 г,790,1
10316,2025-03-08,C175,Москва,сайт,Сладости,Печенье овсяное,150,3
10316,2025-03-08,C175,Москва,сайт,Кофе,Бразилия 1 кг,1290,4
10317,2025-03-09,C203,Казань,маркетплейс,Кофе,Кофе без кофеина 250 г,720,1
10318,2025-03-09,C178,Санкт-Петербург,маркетплейс,Сладости,Зефир,210,2
10318,2025-03-09,C178,Санкт-Петербург,маркетплейс,Кофе,Эфиопия 250 г,790,2
10319,2025-03-09,C133,Новосибирск,сайт,Кофе,Эфиопия 250 г,790,1
10319,2025-03-09,C133,Новосибирск,сайт,Кофе,Бразилия 1 кг,1290,1
10320,2025-03-09,C019,Москва,сайт,Чай,Зелёный чай 100 г,390,4
10321,2025-03-10,C118,Москва,сайт,Сладости,Шоколад горький,180,4
10321,2025-03-10,C118,Москва,сайт,Сладости,Миндаль в шоколаде,320,2
10322,2025-03-10,C127,Казань,сайт,Сладости,Миндаль в шоколаде,320,3
10322,2025-03-10,C127,Казань,сайт,Кофе,Кофе без кофеина 250 г,720,3
10322,2025-03-10,C127,Казань,сайт,Чай,Улун 100 г,540,2
10323,2025-03-10,C074,Казань,сайт,Кофе,Эфиопия 250 г,790,2
10323,2025-03-10,C074,Казань,сайт,Чай,Чёрный чай 100 г,350,1
10324,2025-03-10,C053,Санкт-Петербург,маркетплейс,Посуда,Турка медная,2400,1
10324,2025-03-10,C053,Санкт-Петербург,маркетплейс,Посуда,Кружка 350 мл,590,1
10325,2025-03-10,C215,Москва,маркетплейс,Кофе,Бразилия 1 кг,1290,2
10326,2025-03-11,C024,Санкт-Петербург,приложение,Посуда,Турка медная,2400,3
10327,2025-03-11,C153,Санкт-Петербург,маркетплейс,Кофе,Эспрессо-смесь 1 кг,1450,1
10328,2025-03-11,C196,Казань,маркетплейс,Чай,Чёрный чай 100 г,350,2
10329,2025-03-11,C068,Москва,маркетплейс,Кофе,Эфиопия 250 г,790,3
10330,2025-03-12,C134,Москва,приложение,Кофе,Колумбия 250 г,690,7
10331,2025-03-12,C118,Москва,приложение,Кофе,Эфиопия 250 г,790,4
10332,2025-03-12,C215,Москва,приложение,Кофе,Эспрессо-смесь 1 кг,1450,2
10332,2025-03-12,C215,Москва,приложение,Кофе,Эфиопия 250 г,790,2
10333,2025-03-12,C069,Казань,сайт,Чай,Чёрный чай 100 г,350,1
10333,2025-03-12,C069,Казань,сайт,Сладости,Зефир,210,2
10334,2025-03-13,C021,Москва,сайт,Кофе,Бразилия 1 кг,1290,1
10334,2025-03-13,C021,Москва,сайт,Чай,Зелёный чай 100 г,390,1
10335,2025-03-13,C160,Москва,приложение,Кофе,Колумбия 250 г,690,1
10335,2025-03-13,C160,Москва,приложение,Кофе,Бразилия 1 кг,1290,2
10336,2025-03-13,C147,Москва,сайт,Сладости,Печенье овсяное,150,1
10337,2025-03-14,C057,Новосибирск,сайт,Сладости,Печенье овсяное,150,1
10338,2025-03-14,C171,Москва,сайт,Аксессуары,Фильтры бумажные,240,2
10338,2025-03-14,C171,Москва,сайт,Кофе,Кофе без кофеина 250 г,720,1
10339,2025-03-14,C069,Казань,сайт,Кофе,Эфиопия 250 г,790,2
10340,2025-03-14,C132,Москва,приложение,Кофе,Эфиопия 250 г,790,3
10341,2025-03-14,C023,Новосибирск,сайт,Чай,Зелёный чай 100 г,390,2
10342,2025-03-14,C081,Москва,маркетплейс,Кофе,Кофе без кофеина 250 г,720,4
10343,2025-03-14,C181,Москва,сайт,Сладости,Зефир,210,3
10343,2025-03-14,C181,Москва,сайт,Кофе,Эспрессо-смесь 1 кг,1450,2
10343,2025-03-14,C181,Москва,сайт,Сладости,Шоколад горький,180,2
10344,2025-03-15,C171,Москва,маркетплейс,Чай,Травяной сбор 50 г,260,2
10345,2025-03-15,C171,Москва,сайт,Аксессуары,Фильтры бумажные,240,2
10345,2025-03-15,C171,Москва,сайт,Кофе,Бразилия 1 кг,1290,1
10346,2025-03-15,C204,Москва,сайт,Сладости,Зефир,210,1
10346,2025-03-15,C204,Москва,сайт,Кофе,Колумбия 250 г,690,4
10346,2025-03-15,C204,Москва,сайт,Посуда,Турка медная,2400,1
10347,2025-03-16,C146,Санкт-Петербург,маркетплейс,Кофе,Колумбия 250 г,690,2
10347,2025-03-16,C146,Санкт-Петербург,маркетплейс,Посуда,Френч-пресс,1890,2
10348,2025-03-16,C006,Москва,сайт,Кофе,Эфиопия 250 г,790,1
10348,2025-03-16,C006,Москва,сайт,Кофе,Эспрессо-смесь 1 кг,1450,1
10348,2025-03-16,C006,Москва,сайт,Чай,Травяной сбор 50 г,260,4
10349,2025-03-16,C169,Казань,приложение,Кофе,Эспрессо-смесь 1 кг,1450,1
10350,2025-03-16,C188,Москва,приложение,Сладости,Шоколад горький,180,1
10350,2025-03-16,C188,Москва,приложение,Сладости,Печенье овсяное,150,3
10351,2025-03-16,C138,Екатеринбург,приложение,Кофе,Эспрессо-смесь 1 кг,1450,3
10351,2025-03-16,C138,Екатеринбург,приложение,Кофе,Эфиопия 250 г,790,5
10352,2025-03-16,C087,Казань,сайт,Кофе,Бразилия 1 кг,1290,1
10353,2025-03-17,C176,Санкт-Петербург,маркетплейс,Кофе,Кофе без кофеина 250 г,720,1
10354,2025-03-17,C032,Москва,приложение,Чай,Улун 100 г,540,1
10355,2025-03-17,C114,Санкт-Петербург,сайт,Посуда,Чайник заварочный,1350,1
10356,2025-03-18,C068,Москва,маркетплейс,Сладости,Зефир,210,2
10357,2025-03-18,C171,Москва,маркетплейс,Кофе,Эспрессо-смесь 1 кг,1450,1
10358,2025-03-18,C005,Екатеринбург,приложение,Кофе,Эфиопия 250 г,790,2
10359,2025-03-18,C092,Казань,сайт,Кофе,Эспрессо-смесь 1 кг,1450,2
10359,2025-03-18,C092,Казань,сайт,Посуда,Турка медная,2400,1
10360,2025-03-19,C098,Санкт-Петербург,сайт,Кофе,Кофе без кофеина 250 г,720,3
10361,2025-03-19,C167,Москва,приложение,Чай,Чёрный чай 100 г,350,2
10362,2025-03-19,C050,Москва,сайт,Чай,Улун 100 г,540,2
10362,2025-03-19,C050,Москва,сайт,Чай,Травяной сбор 50 г,260,1
10363,2025-03-19,C118,Москва,сайт,Кофе,Эфиопия 250 г,790,2
10364,2025-03-19,C118,Москва,приложение,Сладости,Миндаль в шоколаде,320,1
10365,2025-03-19,C156,Екатеринбург,маркетплейс,Сладости,Миндаль в шоколаде,320,2
10366,2025-03-20,C173,Новосибирск,сайт,Сладости,Зефир,210,1
10366,2025-03-20,C173,Новосибирск,сайт,Посуда,Турка медная,2400,1
10367,2025-03-20,C019,Москва,маркетплейс,Чай,Зелёный чай 100 г,390,1
10368,2025-03-20,C174,Санкт-Петербург,сайт,Сладости,Зефир,210,2
10368,2025-03-20,C174,Санкт-Петербург,сайт,Сладости,Миндаль в шоколаде,320,2
10369,2025-03-20,C237,Казань,приложение,Сладости,Шоколад горький,180,1
10369,2025-03-20,C237,Казань,приложение,Чай,Зелёный чай 100 г,390,2
10370,2025-03-20,C135,Санкт-Петербург,приложение,Кофе,Эспрессо-смесь 1 кг,1450,2
10371,2025-03-20,C024,Санкт-Петербург,приложение,Сладости,Зефир,210,1
10371,2025-03-20,C024,Санкт-Петербург,приложение,Сладости,Шоколад горький,180,2
10372,2025-03-20,C216,Москва,маркетплейс,Чай,Зелёный чай 100 г,390,8
10372,2025-03-20,C216,Москва,маркетплейс,Сладости,Печенье овсяное,150,2
10373,2025-03-21,C219,Екатеринбург,сайт,Аксессуары,Термокружка,1150,1
10373,2025-03-21,C219,Екатеринбург,сайт,Чай,Чёрный чай 100 г,350,1
10374,2025-03-21,C090,Новосибирск,приложение,Кофе,Колумбия 250 г,690,4
10375,2025-03-22,C107,Новосибирск,сайт,Кофе,Бразилия 1 кг,1290,1
10375,2025-03-22,C107,Новосибирск,сайт,Сладости,Шоколад горький,180,2
10375,2025-03-22,C107,Новосибирск,сайт,Чай,Травяной сбор 50 г,260,2
10376,2025-03-22,C161,Санкт-Петербург,сайт,Сладости,Миндаль в шоколаде,320,2
10376,2025-03-22,C161,Санкт-Петербург,сайт,Чай,Травяной сбор 50 г,260,5
10376,2025-03-22,C161,Санкт-Петербург,сайт,Кофе,Колумбия 250 г,690,3
10377,2025-03-22,C050,Москва,приложение,Чай,Травяной сбор 50 г,260,1
10377,2025-03-22,C050,Москва,приложение,Кофе,Колумбия 250 г,690,1
10378,2025-03-23,C024,Санкт-Петербург,сайт,Кофе,Эфиопия 250 г,790,6
10379,2025-03-23,C122,Екатеринбург,приложение,Кофе,Колумбия 250 г,690,1
10379,2025-03-23,C122,Екатеринбург,приложение,Посуда,Кружка 350 мл,590,1
10380,2025-03-23,C047,Казань,приложение,Кофе,Колумбия 250 г,690,1
10380,2025-03-23,C047,Казань,приложение,Аксессуары,Термокружка,1150,1
10380,2025-03-23,C047,Казань,приложение,Кофе,Кофе без кофеина 250 г,720,1
10381,2025-03-24,C208,Санкт-Петербург,маркетплейс,Кофе,Колумбия 250 г,690,2
10381,2025-03-24,C208,Санкт-Петербург,маркетплейс,Чай,Зелёный чай 100 г,390,2
10381,2025-03-24,C208,Санкт-Петербург,маркетплейс,Сладости,Шоколад горький,180,2
10382,2025-03-24,C190,Новосибирск,сайт,Чай,Травяной сбор 50 г,260,1
10382,2025-03-24,C190,Новосибирск,сайт,Посуда,Кружка 350 мл,590,3
10383,2025-03-24,C002,Екатеринбург,сайт,Посуда,Кружка 350 мл,590,2
10383,2025-03-24,C002,Екатеринбург,сайт,Кофе,Колумбия 250 г,690,1
10384,2025-03-25,C030,Новосибирск,приложение,Аксессуары,Фильтры бумажные,240,2
10384,2025-03-25,C030,Новосибирск,приложение,Сладости,Зефир,210,1
10385,2025-03-25,C117,Москва,маркетплейс,Посуда,Чайник заварочный,1350,1
10386,2025-03-25,C024,Санкт-Петербург,маркетплейс,Посуда,Чайник заварочный,1350,2
10386,2025-03-25,C024,Санкт-Петербург,маркетплейс,Кофе,Эспрессо-смесь 1 кг,1450,3
10386,2025-03-25,C024,Санкт-Петербург,маркетплейс,Сладости,Шоколад горький,180,1
10387,2025-03-26,C080,Москва,маркетплейс,Посуда,Чайник заварочный,1350,1
10388,2025-03-26,C033,Казань,сайт,Чай,Зелёный чай 100 г,390,4
10388,2025-03-26,C033,Казань,сайт,Кофе,Эфиопия 250 г,790,2
10389,2025-03-26,C031,Москва,приложение,Кофе,Эспрессо-смесь 1 кг,1450,2
10389,2025-03-26,C031,Москва,приложение,Кофе,Колумбия 250 г,690,2
10390,2025-03-26,C118,Москва,сайт,Кофе,Кофе без кофеина 250 г,720,2
10390,2025-03-26,C118,Москва,сайт,Чай,Чёрный чай 100 г,350,3
10390,2025-03-26,C118,Москва,сайт,Сладости,Печенье овсяное,150,3
10391,2025-03-26,C237,Казань,сайт,Кофе,Колумбия 250 г,690,1
10392,2025-03-27,C050,Москва,приложение,Посуда,Френч-пресс,1890,2
10393,2025-03-27,C002,Екатеринбург,приложение,Аксессуары,Фильтры бумажные,240,2
10394,2025-03-27,C134,Москва,сайт,Посуда,Френч-пресс,1890,2
10395,2025-03-28,C226,Москва,приложение,Кофе,Эфиопия 250 г,790,3
10396,2025-03-28,C216,Москва,маркетплейс,Посуда,Турка медная,2400,1
10397,2025-03-28,C139,Екатеринбург,приложение,Кофе,Эспрессо-смесь 1 кг,1450,1
10398,2025-03-28,C226,Москва,маркетплейс,Кофе,Бразилия 1 кг,1290,1
10398,2025-03-28,C226,Москва,маркетплейс,Чай,Чёрный чай 100 г,350,2
10399,2025-03-29,C038,Санкт-Петербург,сайт,Кофе,Колумбия 250 г,690,2
10399,2025-03-29,C038,Санкт-Петербург,сайт,Кофе,Эфиопия 250 г,790,2
10400,2025-03-29,C092,Казань,сайт,Чай,Чёрный чай 100 г,350,1
10400,2025-03-29,C092,Казань,сайт,Сладости,Шоколад горький,180,2
10401,2025-03-29,C220,Москва,приложение,Сладости,Зефир,210,1
10402,2025-03-29,C165,Екатеринбург,приложение,Посуда,Френч-пресс,1890,3
10402,2025-03-29,C165,Екатеринбург,приложение,Чай,Улун 100 г,540,1
10403,2025-03-29,C068,Москва,сайт,Чай,Чёрный чай 100 г,350,2
10404,2025-03-30,C038,Санкт-Петербург,приложение,Кофе,Эспрессо-смесь 1 кг,1450,1
10405,2025-03-30,C214,Москва,сайт,Посуда,Чайник заварочный,1350,2
10405,2025-03-30,C214,Москва,сайт,Посуда,Кружка 350 мл,590,1
10406,2025-03-30,C147,Москва,приложение,Чай,Травяной сбор 50 г,260,2
10407,2025-03-30,C151,Москва,маркетплейс,Чай,Улун 100 г,540,6
10407,2025-03-30,C151,Москва,маркетплейс,Посуда,Кружка 350 мл,590,3
10408,2025-03-30,C169,Казань,маркетплейс,Кофе,Кофе без кофеина 250 г,720,3
10408,2025-03-30,C169,Казань,маркетплейс,Сладости,Печенье овсяное,150,2
10408,2025-03-30,C169,Казань,маркетплейс,Сладости,Миндаль в шоколаде,320,1
10409,2025-03-31,C119,Новосибирск,сайт,Сладости,Печенье овсяное,150,1
10410,2025-03-31,C045,Москва,сайт,Кофе,Эфиопия 250 г,790,1
10411,2025-03-31,C183,Санкт-Петербург,сайт,Кофе,Бразилия 1 кг,1290,1
10411,2025-03-31,C183,Санкт-Петербург,сайт,Посуда,Чайник заварочный,1350,1
10412,2025-03-31,C207,Санкт-Петербург,маркетплейс,Кофе,Эфиопия 250 г,790,3
10412,2025-03-31,C207,Санкт-Петербург,маркетплейс,Кофе,Эспрессо-смесь 1 кг,1450,3
10413,2025-03-31,C023,Новосибирск,маркетплейс,Кофе,Эфиопия 250 г,790,1
10414,2025-03-31,C207,Санкт-Петербург,приложение,Чай,Улун 100 г,540,2
10414,2025-03-31,C207,Санкт-Петербург,приложение,Сладости,Печенье овсяное,150,2
10415,2025-03-31,C098,Санкт-Петербург,сайт,Чай,Травяной сбор 50 г,260,2
10416,2025-04-01,C110,Екатеринбург,сайт,Кофе,Кофе без кофеина 250 г,720,4
10417,2025-04-01,C009,Екатеринбург,сайт,Чай,Чёрный чай 100 г,350,4
10417,2025-04-01,C009,Екатеринбург,сайт,Аксессуары,Фильтры бумажные,240,1
10418,2025-04-01,C159,Новосибирск,маркетплейс,Кофе,Колумбия 250 г,690,1
10419,2025-04-01,C067,Москва,маркетплейс,Кофе,Эфиопия 250 г,790,3
10420,2025-04-02,C155,Москва,сайт,Сладости,Печенье овсяное,150,3
10420,2025-04-02,C155,Москва,сайт,Аксессуары,Термокружка,1150,1
10421,2025-04-02,C045,Москва,маркетплейс,Кофе,Кофе без кофеина 250 г,720,2
10421,2025-04-02,C045,Москва,маркетплейс,Сладости,Зефир,210,4
10422,2025-04-02,C028,Москва,сайт,Кофе,Кофе без кофеина 250 г,720,1
10423,2025-04-02,C196,Казань,маркетплейс,Чай,Зелёный чай 100 г,390,1
10424,2025-04-03,C219,Екатеринбург,приложение,Аксессуары,Кофемолка ручная,3200,2
10424,2025-04-03,C219,Екатеринбург,приложение,Посуда,Кружка 350 мл,590,2
10424,2025-04-03,C219,Екатеринбург,приложение,Сладости,Миндаль в шоколаде,320,5
10425,2025-04-03,C203,Казань,приложение,Кофе,Колумбия 250 г,690,3
10426,2025-04-03,C068,Москва,маркетплейс,Посуда,Турка медная,2400,1
10426,2025-04-03,C068,Москва,маркетплейс,Сладости,Печенье овсяное,150,4
10427,2025-04-04,C170,Москва,сайт,Кофе,Бразилия 1 кг,1290,2
10428,2025-04-05,C069,Казань,маркетплейс,Посуда,Чайник заварочный,1350,1
10428,2025-04-05,C069,Казань,маркетплейс,Посуда,Кружка 350 мл,590,5
10428,2025-04-05,C069,Казань,маркетплейс,Чай,Зелёный чай 100 г,390,3
10429,2025-04-05,C041,Санкт-Петербург,маркетплейс,Аксессуары,Термокружка,1150,1
10430,2025-04-05,C100,Екатеринбург,сайт,Чай,Чёрный чай 100 г,350,2
10430,2025-04-05,C100,Екатеринбург,сайт,Посуда,Френч-пресс,1890,1
10431,2025-04-05,C050,Москва,маркетплейс,Кофе,Бразилия 1 кг,1290,1
10431,2025-04-05,C050,Москва,маркетплейс,Сладости,Зефир,210,2
10432,2025-04-05,C208,Санкт-Петербург,маркетплейс,Кофе,Бразилия 1 кг,1290,1
10433,2025-04-05,C112,Новосибирск,сайт,Кофе,Колумбия 250 г,690,3
10433,2025-04-05,C112,Новосибирск,сайт,Кофе,Кофе без кофеина 250 г,720,2
10434,2025-04-06,C212,Санкт-Петербург,маркетплейс,Кофе,Эфиопия 250 г,790,1
10434,2025-04-06,C212,Санкт-Петербург,маркетплейс,Кофе,Эспрессо-смесь 1 кг,1450,1
10435,2025-04-06,C211,Казань,сайт,Кофе,Кофе без кофеина 250 г,720,1
10435,2025-04-06,C211,Казань,сайт,Сладости,Миндаль в шоколаде,320,1
10436,2025-04-06,C204,Москва,сайт,Чай,Чёрный чай 100 г,350,1
10436,2025-04-06,C204,Москва,сайт,Кофе,Колумбия 250 г,690,3
10437,2025-04-06,C181,Москва,маркетплейс,Сладости,Шоколад горький,180,4
10437,2025-04-06,C181,Москва,маркетплейс,Чай,Улун 100 г,540,1
10438,2025-04-06,C045,Москва,приложение,Аксессуары,Термокружка,1150,1
10438,2025-04-06,C045,Москва,приложение,Чай,Чёрный чай 100 г,350,1
10439,2025-04-06,C017,Екатеринбург,маркетплейс,Чай,Улун 100 г,540,1
10440,2025-04-07,C011,Новосибирск,сайт,Кофе,Эспрессо-смесь 1 кг,1450,1
10440,2025-04-07,C011,Новосибирск,сайт,Кофе,Бразилия 1 кг,1290,3
10441,2025-04-07,C024,Санкт-Петербург,приложение,Кофе,Кофе без кофеина 250 г,720,6
10441,2025-04-07,C024,Санкт-Петербург,приложение,Кофе,Эфиопия 250 г,790,4
10442,2025-04-08,C208,Санкт-Петербург,сайт,Сладости,Миндаль в шоколаде,320,3
10442,2025-04-08,C208,Санкт-Петербург,сайт,Кофе,Эфиопия 250 г,790,1
10443,2025-04-09,C207,Санкт-Петербург,маркетплейс,Аксессуары,Фильтры бумажные,240,3
10443,2025-04-09,C207,Санкт-Петербург,маркетплейс,Сладости,Зефир,210,3
10444,2025-04-09,C069,Казань,сайт,Посуда,Кружка 350 мл,590,1
10444,2025-04-09,C069,Казань,сайт,Кофе,Кофе без кофеина 250 г,720,1
10445,2025-04-10,C207,Санкт-Петербург,сайт,Кофе,Кофе без кофеина 250 г,720,2
10446,2025-04-10,C167,Москва,маркетплейс,Чай,Улун 100 г,540,1
10446,2025-04-10,C167,Москва,маркетплейс,Кофе,Бразилия 1 кг,1290,1
10447,2025-04-10,C226,Москва,сайт,Кофе,Бразилия 1 кг,1290,3
10448,2025-04-10,C011,Новосибирск,сайт,Сладости,Шоколад горький,180,2
10448,2025-04-10,C011,Новосибирск,сайт,Кофе,Бразилия 1 кг,1290,2
10448,2025-04-10,C011,Новосибирск,сайт,Кофе,Эфиопия 250 г,790,4
10449,2025-04-10,C137,Санкт-Петербург,сайт,Кофе,Эфиопия 250 г,790,7
10449,2025-04-10,C137,Санкт-Петербург,сайт,Кофе,Кофе без кофеина 250 г,720,5
10450,2025-04-10,C013,Новосибирск,приложение,Кофе,Эспрессо-смесь 1 кг,1450,3
10451,2025-04-11,C074,Казань,приложение,Кофе,Кофе без кофеина 250 г,720,4
10451,2025-04-11,C074,Казань,приложение,Сладости,Шоколад горький,180,2
10452,2025-04-11,C170,Москва,сайт,Чай,Улун 100 г,540,1
10453,2025-04-11,C220,Москва,приложение,Сладости,Зефир,210,5
10454,2025-04-11,C001,Екатеринбург,сайт,Аксессуары,Термокружка,1150,2
10455,2025-04-12,C122,Екатеринбург,сайт,Кофе,Кофе без кофеина 250 г,720,1
10455,2025-04-12,C122,Екатеринбург,сайт,Кофе,Эспрессо-смесь 1 кг,1450,1
10455,2025-04-12,C122,Екатеринбург,сайт,Чай,Чёрный чай 100 г,350,4
10456,2025-04-12,C067,Москва,маркетплейс,Кофе,Эфиопия 250 г,790,1
10456,2025-04-12,C067,Москва,маркетплейс,Чай,Зелёный чай 100 г,390,3
10457,2025-04-12,C195,Москва,сайт,Кофе,Колумбия 250 г,690,2
10457,2025-04-12,C195,Москва,сайт,Кофе,Эфиопия 250 г,790,2
10458,2025-04-12,C176,Санкт-Петербург,маркетплейс,Чай,Улун 100 г,540,4
10458,2025-04-12,C176,Санкт-Петербург,маркетплейс,Кофе,Кофе без кофеина 250 г,720,2
10459,2025-04-12,C178,Санкт-Петербург,сайт,Кофе,Колумбия 250 г,690,2
10460,2025-04-12,C103,Санкт-Петербург,сайт,Чай,Улун 100 г,540,3
10460,2025-04-12,C103,Санкт-Петербург,сайт,Сладости,Миндаль в шоколаде,320,2
10461,2025-04-12,C130,Санкт-Петербург,приложение,Сладости,Шоколад горький,180,2
10461,2025-04-12,C130,Санкт-Петербург,приложение,Кофе,Эфиопия 250 г,790,5
10462,2025-04-13,C212,Санкт-Петербург,приложение,Кофе,Колумбия 250 г,690,1
10463,2025-04-13,C030,Новосибирск,маркетплейс,Чай,Травяной сбор 50 г,260,3
10464,2025-04-13,C234,Санкт-Петербург,приложение,Сладости,Печенье овсяное,150,1
10465,2025-04-13,C199,Москва,сайт,Сладости,Миндаль в шоколаде,320,3
10466,2025-04-13,C207,Санкт-Петербург,приложение,Сладости,Миндаль в шоколаде,320,2
10467,2025-04-13,C151,Москва,сайт,Чай,Зелёный чай 100 г,390,7
10467,2025-04-13,C151,Москва,сайт,Кофе,Кофе без кофеина 250 г,720,7
10468,2025-04-13,C072,Екатеринбург,сайт,Кофе,Эспрессо-смесь 1 кг,1450,3
10468,2025-04-13,C072,Екатеринбург,сайт,Аксессуары,Фильтры бумажные,240,2
10469,2025-04-14,C041,Санкт-Петербург,маркетплейс,Кофе,Эспрессо-смесь 1 кг,1450,3
10469,2025-04-14,C041,Санкт-Петербург,маркетплейс,Сладости,Миндаль в шоколаде,320,2
10470,2025-04-14,C061,Казань,приложение,Кофе,Эфиопия 250 г,790,1
10471,2025-04-14,C195,Москва,сайт,Сладости,Печенье овсяное,150,4
10472,2025-04-14,C024,Санкт-Петербург,сайт,Кофе,Эфиопия 250 г,790,6
10472,2025-04-14,C024,Санкт-Петербург,сайт,Сладости,Печенье овсяное,150,1
10473,2025-04-14,C137,Санкт-Петербург,маркетплейс,Аксессуары,Термокружка,1150,1
10474,2025-04-15,C068,Москва,сайт,Кофе,Эфиопия 250 г,790,3
10475,2025-04-15,C102,Казань,сайт,Чай,Чёрный чай 100 г,350,3
10475,2025-04-15,C102,Казань,сайт,Чай,Зелёный чай 100 г,390,4
10476,2025-04-15,C162,Москва,сайт,Посуда,Френч-пресс,1890,1
10476,2025-04-15,C162,Москва,сайт,Чай,Чёрный чай 100 г,350,1
10476,2025-04-15,C162,Москва,сайт,Кофе,Кофе без кофеина 250 г,720,3
10477,2025-04-15,C045,Москва,маркетплейс,Посуда,Чайник заварочный,1350,1
10478,2025-04-16,C137,Санкт-Петербург,маркетплейс,Кофе,Колумбия 250 г,690,5
10479,2025-04-16,C195,Москва,маркетплейс,Кофе,Кофе без кофеина 250 г,720,1
10479,2025-04-16,C195,Москва,маркетплейс,Кофе,Эфиопия 250 г,790,3
10480,2025-04-16,C059,Москва,сайт,Посуда,Кружка 350 мл,590,1
10481,2025-04-17,C163,Казань,сайт,Чай,Травяной сбор 50 г,260,3
10481,2025-04-17,C163,Казань,сайт,Чай,Чёрный чай 100 г,350,2
10482,2025-04-17,C216,Москва,маркетплейс,Чай,Травяной сбор 50 г,260,6
10482,2025-04-17,C216,Москва,маркетплейс,Сладости,Шоколад горький,180,2
10482,2025-04-17,C216,Москва,маркетплейс,Сладости,Печенье овсяное,150,1
10483,2025-04-17,C201,Казань,приложение,Кофе,Бразилия 1 кг,1290,1
10483,2025-04-17,C201,Казань,приложение,Чай,Травяной сбор 50 г,260,1
10484,2025-04-17,C234,Санкт-Петербург,сайт,Сладости,Печенье овсяное,150,2
10485,2025-04-17,C207,Санкт-Петербург,маркетплейс,Сладости,Печенье овсяное,150,2
10486,2025-04-18,C021,Москва,маркетплейс,Кофе,Бразилия 1 кг,1290,2
10487,2025-04-18,C220,Москва,приложение,Сладости,Шоколад горький,180,2
10487,2025-04-18,C220,Москва,приложение,Посуда,Турка медная,2400,1
10488,2025-04-18,C134,Москва,сайт,Кофе,Эфиопия 250 г,790,5
10489,2025-04-19,C195,Москва,приложение,Кофе,Колумбия 250 г,690,3
10490,2025-04-19,C017,Екатеринбург,приложение,Кофе,Эфиопия 250 г,790,2
10491,2025-04-19,C030,Новосибирск,сайт,Посуда,Френч-пресс,1890,2
10491,2025-04-19,C030,Новосибирск,сайт,Сладости,Миндаль в шоколаде,320,2
10492,2025-04-19,C057,Новосибирск,маркетплейс,Чай,Зелёный чай 100 г,390,3
10492,2025-04-19,C057,Новосибирск,маркетплейс,Чай,Чёрный чай 100 г,350,1
10492,2025-04-19,C057,Новосибирск,маркетплейс,Кофе,Эспрессо-смесь 1 кг,1450,1
10493,2025-04-20,C017,Екатеринбург,приложение,Чай,Травяной сбор 50 г,260,1
10494,2025-04-20,C095,Москва,сайт,Кофе,Кофе без кофеина 250 г,720,1
10495,2025-04-20,C112,Новосибирск,маркетплейс,Кофе,Кофе без кофеина 250 г,720,1
10495,2025-04-20,C112,Новосибирск,маркетплейс,Кофе,Бразилия 1 кг,1290,2
10496,2025-04-20,C163,Казань,сайт,Аксессуары,Кофемолка ручная,3200,2
10496,2025-04-20,C163,Казань,сайт,Кофе,Кофе без кофеина 250 г,720,1
10497,2025-04-20,C074,Казань,маркетплейс,Кофе,Эфиопия 250 г,790,4
10497,2025-04-20,C074,Казань,маркетплейс,Сладости,Шоколад горький,180,1
10498,2025-04-21,C087,Казань,маркетплейс,Чай,Травяной сбор 50 г,260,1
10498,2025-04-21,C087,Казань,маркетплейс,Кофе,Колумбия 250 г,690,4
10498,2025-04-21,C087,Казань,маркетплейс,Кофе,Кофе без кофеина 250 г,720,3
10499,2025-04-21,C090,Новосибирск,маркетплейс,Кофе,Кофе без кофеина 250 г,720,10
10499,2025-04-21,C090,Новосибирск,маркетплейс,Посуда,Чайник заварочный,1350,1
10500,2025-04-21,C171,Москва,маркетплейс,Сладости,Миндаль в шоколаде,320,2
10501,2025-04-21,C180,Казань,сайт,Посуда,Френч-пресс,1890,1
10502,2025-04-21,C114,Санкт-Петербург,маркетплейс,Кофе,Эспрессо-смесь 1 кг,1450,1
10502,2025-04-21,C114,Санкт-Петербург,маркетплейс,Сладости,Печенье овсяное,150,3
10503,2025-04-22,C126,Екатеринбург,сайт,Кофе,Эспрессо-смесь 1 кг,1450,5
10504,2025-04-22,C065,Москва,маркетплейс,Аксессуары,Фильтры бумажные,240,2
10505,2025-04-22,C030,Новосибирск,сайт,Чай,Чёрный чай 100 г,350,1
10506,2025-04-22,C024,Санкт-Петербург,маркетплейс,Чай,Травяной сбор 50 г,260,5
10506,2025-04-22,C024,Санкт-Петербург,маркетплейс,Сладости,Зефир,210,1
10507,2025-04-22,C216,Москва,маркетплейс,Кофе,Кофе без кофеина 250 г,720,5
10507,2025-04-22,C216,Москва,маркетплейс,Кофе,Эспрессо-смесь 1 кг,1450,4
10507,2025-04-22,C216,Москва,маркетплейс,Сладости,Печенье овсяное,150,4
10508,2025-04-23,C237,Казань,приложение,Чай,Зелёный чай 100 г,390,1
10509,2025-04-23,C151,Москва,приложение,Кофе,Колумбия 250 г,690,7
10509,2025-04-23,C151,Москва,приложение,Сладости,Миндаль в шоколаде,320,2
10510,2025-04-23,C215,Москва,маркетплейс,Кофе,Кофе без кофеина 250 г,720,2
10510,2025-04-23,C215,Москва,маркетплейс,Чай,Травяной сбор 50 г,260,1
10510,2025-04-23,C215,Москва,маркетплейс,Сладости,Шоколад горький,180,1
10511,2025-04-23,C195,Москва,маркетплейс,Сладости,Шоколад горький,180,1
10512,2025-04-23,C118,Москва,маркетплейс,Посуда,Турка медная,2400,1
10513,2025-04-23,C116,Екатеринбург,приложение,Посуда,Чайник заварочный,1350,1
10514,2025-04-24,C149,Москва,приложение,Сладости,Зефир,210,4
10515,2025-04-24,C171,Москва,маркетплейс,Посуда,Чайник заварочный,1350,1
10516,2025-04-24,C050,Москва,сайт,Чай,Чёрный чай 100 г,350,2
10516,2025-04-24,C050,Москва,сайт,Кофе,Бразилия 1 кг,1290,1
10516,2025-04-24,C050,Москва,сайт,Кофе,Эфиопия 250 г,790,2
10517,2025-04-25,C176,Санкт-Петербург,приложение,Кофе,Эфиопия 250 г,790,4
10517,2025-04-25,C176,Санкт-Петербург,приложение,Сладости,Шоколад горький,180,1
10518,2025-04-25,C176,Санкт-Петербург,сайт,Сладости,Зефир,210,2
10519,2025-04-26,C107,Новосибирск,сайт,Чай,Чёрный чай 100 г,350,2
10519,2025-04-26,C107,Новосибирск,сайт,Кофе,Кофе без кофеина 250 г,720,1
10520,2025-04-26,C102,Казань,сайт,Аксессуары,Кофемолка ручная,3200,1
10521,2025-04-27,C198,Москва,приложение,Чай,Травяной сбор 50 г,260,1
10521,2025-04-27,C198,Москва,приложение,Сладости,Миндаль в шоколаде,320,1
10521,2025-04-27,C198,Москва,приложение,Посуда,Чайник заварочный,1350,1
10522,2025-04-27,C073,Санкт-Петербург,приложение,Чай,Улун 100 г,540,1
10523,2025-04-27,C111,Москва,сайт,Сладости,Миндаль в шоколаде,320,1
10523,2025-04-27,C111,Москва,сайт,Кофе,Эфиопия 250 г,790,2
10524,2025-04-27,C234,Санкт-Петербург,приложение,Чай,Улун 100 г,540,2
10524,2025-04-27,C234,Санкт-Петербург,приложение,Кофе,Бразилия 1 кг,1290,1
10524,2025-04-27,C234,Санкт-Петербург,приложение,Сладости,Зефир,210,2
10525,2025-04-27,C207,Санкт-Петербург,сайт,Кофе,Кофе без кофеина 250 г,720,2
10525,2025-04-27,C207,Санкт-Петербург,сайт,Аксессуары,Фильтры бумажные,240,1
10526,2025-04-27,C215,Москва,маркетплейс,Посуда,Чайник заварочный,1350,1
10527,2025-04-27,C085,Санкт-Петербург,сайт,Чай,Чёрный чай 100 г,350,2
10528,2025-04-27,C218,Екатеринбург,сайт,Кофе,Колумбия 250 г,690,3
10528,2025-04-27,C218,Екатеринбург,сайт,Чай,Травяной сбор 50 г,260,1
10529,2025-04-28,C126,Екатеринбург,сайт,Кофе,Бразилия 1 кг,1290,6
10529,2025-04-28,C126,Екатеринбург,сайт,Чай,Чёрный чай 100 г,350,5
10530,2025-04-28,C075,Санкт-Петербург,маркетплейс,Кофе,Колумбия 250 г,690,5
10530,2025-04-28,C075,Санкт-Петербург,маркетплейс,Аксессуары,Кофемолка ручная,3200,1
10531,2025-04-28,C102,Казань,маркетплейс,Кофе,Кофе без кофеина 250 г,720,5
10532,2025-04-28,C118,Москва,сайт,Кофе,Колумбия 250 г,690,1
10532,2025-04-28,C118,Москва,сайт,Аксессуары,Фильтры бумажные,240,2
10533,2025-04-28,C010,Москва,маркетплейс,Кофе,Кофе без кофеина 250 г,720,1
10533,2025-04-28,C010,Москва,маркетплейс,Кофе,Эспрессо-смесь 1 кг,1450,2
10534,2025-04-28,C149,Москва,сайт,Сладости,Зефир,210,3
10534,2025-04-28,C149,Москва,сайт,Кофе,Эфиопия 250 г,790,4
10535,2025-04-28,C068,Москва,маркетплейс,Аксессуары,Фильтры бумажные,240,2
10536,2025-04-29,C021,Москва,маркетплейс,Чай,Зелёный чай 100 г,390,2
10537,2025-04-29,C183,Санкт-Петербург,маркетплейс,Чай,Зелёный чай 100 г,390,1
10537,2025-04-29,C183,Санкт-Петербург,маркетплейс,Кофе,Бразилия 1 кг,1290,3
10537,2025-04-29,C183,Санкт-Петербург,маркетплейс,Чай,Чёрный чай 100 г,350,1
10538,2025-04-29,C176,Санкт-Петербург,сайт,Чай,Зелёный чай 100 г,390,1
10539,2025-04-29,C143,Москва,приложение,Чай,Зелёный чай 100 г,390,1
10540,2025-04-29,C160,Москва,приложение,Чай,Улун 100 г,540,2
10540,2025-04-29,C160,Москва,приложение,Кофе,Бразилия 1 кг,1290,2
10541,2025-04-30,C160,Москва,сайт,Кофе,Бразилия 1 кг,1290,1
10542,2025-04-30,C032,Москва,сайт,Аксессуары,Фильтры бумажные,240,1
10542,2025-04-30,C032,Москва,сайт,Кофе,Колумбия 250 г,690,3
10543,2025-04-30,C143,Москва,сайт,Сладости,Шоколад горький,180,2
10543,2025-04-30,C143,Москва,сайт,Кофе,Эспрессо-смесь 1 кг,1450,1
10544,2025-04-30,C227,Москва,сайт,Сладости,Миндаль в шоколаде,320,2
10545,2025-04-30,C137,Санкт-Петербург,сайт,Сладости,Шоколад горький,180,3
10546,2025-04-30,C143,Москва,приложение,Сладости,Миндаль в шоколаде,320,3
10547,2025-04-30,C190,Новосибирск,сайт,Кофе,Колумбия 250 г,690,5
10548,2025-04-30,C006,Москва,приложение,Кофе,Эфиопия 250 г,790,1
10549,2025-05-01,C087,Казань,сайт,Кофе,Колумбия 250 г,690,3
10549,2025-05-01,C087,Казань,сайт,Кофе,Кофе без кофеина 250 г,720,3
10550,2025-05-01,C033,Казань,маркетплейс,Сладости,Миндаль в шоколаде,320,2
10551,2025-05-01,C059,Москва,приложение,Посуда,Турка медная,2400,1
10552,2025-05-01,C163,Казань,сайт,Кофе,Эфиопия 250 г,790,1
10552,2025-05-01,C163,Казань,сайт,Чай,Чёрный чай 100 г,350,1
10553,2025-05-01,C171,Москва,сайт,Кофе,Эфиопия 250 г,790,2
10554,2025-05-02,C064,Москва,приложение,Кофе,Эспрессо-смесь 1 кг,1450,2
10554,2025-05-02,C064,Москва,приложение,Кофе,Колумбия 250 г,690,1
10555,2025-05-02,C196,Казань,маркетплейс,Кофе,Эспрессо-смесь 1 кг,1450,1
10555,2025-05-02,C196,Казань,маркетплейс,Кофе,Колумбия 250 г,690,2
10556,2025-05-02,C076,Казань,сайт,Кофе,Кофе без кофеина 250 г,720,5
10557,2025-05-02,C075,Санкт-Петербург,маркетплейс,Сладости,Зефир,210,1
10557,2025-05-02,C075,Санкт-Петербург,маркетплейс,Сладости,Миндаль в шоколаде,320,1
10558,2025-05-03,C200,Москва,приложение,Кофе,Кофе без кофеина 250 г,720,1
10558,2025-05-03,C200,Москва,приложение,Сладости,Печенье овсяное,150,2
10559,2025-05-03,C102,Казань,маркетплейс,Аксессуары,Термокружка,1150,1
10560,2025-05-03,C130,Санкт-Петербург,сайт,Чай,Улун 100 г,540,4
10561,2025-05-03,C068,Москва,сайт,Кофе,Колумбия 250 г,690,3
10562,2025-05-03,C132,Москва,маркетплейс,Сладости,Зефир,210,1
10563,2025-05-04,C176,Санкт-Петербург,приложение,Кофе,Эспрессо-смесь 1 кг,1450,1
10564,2025-05-04,C043,Екатеринбург,сайт,Кофе,Кофе без кофеина 250 г,720,5
10565,2025-05-04,C008,Санкт-Петербург,сайт,Сладости,Миндаль в шоколаде,320,1
10566,2025-05-04,C040,Екатеринбург,сайт,Кофе,Бразилия 1 кг,1290,2
10567,2025-05-04,C212,Санкт-Петербург,маркетплейс,Посуда,Турка медная,2400,1
10568,2025-05-05,C116,Екатеринбург,приложение,Кофе,Эфиопия 250 г,790,2
10569,2025-05-05,C081,Москва,сайт,Кофе,Эфиопия 250 г,790,3
10570,2025-05-05,C118,Москва,сайт,Чай,Зелёный чай 100 г,390,2
10571,2025-05-05,C074,Казань,приложение,Чай,Улун 100 г,540,1
10572,2025-05-06,C204,Москва,сайт,Кофе,Кофе без кофеина 250 г,720,2
10572,2025-05-06,C204,Москва,сайт,Сладости,Миндаль в шоколаде,320,1
10573,2025-05-06,C114,Санкт-Петербург,приложение,Чай,Зелёный чай 100 г,390,3
10574,2025-05-06,C091,Москва,сайт,Чай,Травяной сбор 50 г,260,1
10575,2025-05-06,C207,Санкт-Петербург,маркетплейс,Чай,Чёрный чай 100 г,350,2
10575,2025-05-06,C207,Санкт-Петербург,маркетплейс,Кофе,Колумбия 250 г,690,2
10576,2025-05-07,C220,Москва,сайт,Кофе,Эспрессо-смесь 1 кг,1450,1
10577,2025-05-07,C143,Москва,сайт,Кофе,Бразилия 1 кг,1290,1
10578,2025-05-07,C178,Санкт-Петербург,маркетплейс,Кофе,Бразилия 1 кг,1290,2
10579,2025-05-07,C203,Казань,маркетплейс,Кофе,Бразилия 1 кг,1290,3
10580,2025-05-07,C081,Москва,сайт,Кофе,Кофе без кофеина 250 г,720,2
10581,2025-05-08,C010,Москва,сайт,Кофе,Кофе без кофеина 250 г,720,3
10582,2025-05-08,C121,Новосибирск,маркетплейс,Кофе,Эспрессо-смесь 1 кг,1450,1
10583,2025-05-09,C238,Екатеринбург,сайт,Чай,Улун 100 г,540,1
10584,2025-05-10,C207,Санкт-Петербург,приложение,Кофе,Кофе без кофеина 250 г,720,2
10585,2025-05-10,C231,Москва,сайт,Кофе,Колумбия 250 г,690,2
10586,2025-05-10,C069,Казань,сайт,Кофе,Кофе без кофеина 250 г,720,1
10586,2025-05-10,C069,Казань,сайт,Аксессуары,Термокружка,1150,1
10586,2025-05-10,C069,Казань,сайт,Чай,Чёрный чай 100 г,350,2
10587,2025-05-10,C227,Москва,сайт,Кофе,Эспрессо-смесь 1 кг,1450,1
10587,2025-05-10,C227,Москва,сайт,Сладости,Шоколад горький,180,3
10588,2025-05-10,C164,Москва,приложение,Аксессуары,Термокружка,1150,1
10588,2025-05-10,C164,Москва,приложение,Чай,Улун 100 г,540,2
10589,2025-05-10,C169,Казань,маркетплейс,Чай,Чёрный чай 100 г,350,2
10590,2025-05-11,C075,Санкт-Петербург,маркетплейс,Сладости,Миндаль в шоколаде,320,4
10591,2025-05-11,C080,Москва,маркетплейс,Сладости,Зефир,210,2
10591,2025-05-11,C080,Москва,маркетплейс,Посуда,Турка медная,2400,1
10592,2025-05-11,C006,Москва,маркетплейс,Чай,Чёрный чай 100 г,350,1
10593,2025-05-11,C090,Новосибирск,маркетплейс,Кофе,Эфиопия 250 г,790,7
10593,2025-05-11,C090,Новосибирск,маркетплейс,Сладости,Зефир,210,2
10594,2025-05-11,C146,Санкт-Петербург,маркетплейс,Сладости,Шоколад горький,180,2
10594,2025-05-11,C146,Санкт-Петербург,маркетплейс,Чай,Травяной сбор 50 г,260,2
10594,2025-05-11,C146,Санкт-Петербург,маркетплейс,Кофе,Эспрессо-смесь 1 кг,1450,1
10595,2025-05-11,C205,Санкт-Петербург,приложение,Чай,Травяной сбор 50 г,260,2
10596,2025-05-11,C226,Москва,приложение,Кофе,Кофе без кофеина 250 г,720,2
10596,2025-05-11,C226,Москва,приложение,Чай,Чёрный чай 100 г,350,2
10597,2025-05-12,C216,Москва,сайт,Чай,Травяной сбор 50 г,260,5
10598,2025-05-12,C090,Новосибирск,маркетплейс,Кофе,Колумбия 250 г,690,4
10599,2025-05-13,C122,Екатеринбург,сайт,Кофе,Колумбия 250 г,690,1
10600,2025-05-13,C122,Екатеринбург,маркетплейс,Кофе,Кофе без кофеина 250 г,720,2
10600,2025-05-13,C122,Екатеринбург,маркетплейс,Сладости,Миндаль в шоколаде,320,4
10601,2025-05-13,C212,Санкт-Петербург,приложение,Кофе,Колумбия 250 г,690,1
10602,2025-05-13,C138,Екатеринбург,сайт,Кофе,Эфиопия 250 г,790,1
10602,2025-05-13,C138,Екатеринбург,сайт,Посуда,Турка медная,2400,1
10603,2025-05-14,C217,Екатеринбург,приложение,Чай,Зелёный чай 100 г,390,3
10604,2025-05-14,C131,Санкт-Петербург,сайт,Сладости,Печенье овсяное,150,1
10604,2025-05-14,C131,Санкт-Петербург,сайт,Аксессуары,Термокружка,1150,1
10605,2025-05-14,C113,Екатеринбург,сайт,Кофе,Эфиопия 250 г,790,1
10606,2025-05-14,C167,Москва,сайт,Кофе,Эспрессо-смесь 1 кг,1450,1
10607,2025-05-15,C122,Екатеринбург,маркетплейс,Чай,Улун 100 г,540,4
10608,2025-05-15,C234,Санкт-Петербург,приложение,Кофе,Кофе без кофеина 250 г,720,1
10608,2025-05-15,C234,Санкт-Петербург,приложение,Кофе,Бразилия 1 кг,1290,3
10609,2025-05-15,C118,Москва,сайт,Кофе,Бразилия 1 кг,1290,2
10609,2025-05-15,C118,Москва,сайт,Кофе,Кофе без кофеина 250 г,720,3
10610,2025-05-15,C203,Казань,приложение,Чай,Улун 100 г,540,2
10610,2025-05-15,C203,Казань,приложение,Кофе,Эспрессо-смесь 1 кг,1450,1
10611,2025-05-15,C100,Екатеринбург,приложение,Кофе,Бразилия 1 кг,1290,1
10611,2025-05-15,C100,Екатеринбург,приложение,Чай,Травяной сбор 50 г,260,1
10612,2025-05-16,C190,Новосибирск,приложение,Сладости,Миндаль в шоколаде,320,3
10612,2025-05-16,C190,Новосибирск,приложение,Кофе,Бразилия 1 кг,1290,1
10613,2025-05-16,C217,Екатеринбург,сайт,Кофе,Кофе без кофеина 250 г,720,3
10613,2025-05-16,C217,Екатеринбург,сайт,Сладости,Печенье овсяное,150,3
10613,2025-05-16,C217,Екатеринбург,сайт,Сладости,Миндаль в шоколаде,320,2
10614,2025-05-16,C146,Санкт-Петербург,сайт,Чай,Улун 100 г,540,3
10615,2025-05-16,C068,Москва,маркетплейс,Кофе,Бразилия 1 кг,1290,1
10615,2025-05-16,C068,Москва,маркетплейс,Кофе,Эфиопия 250 г,790,3
10616,2025-05-16,C090,Новосибирск,сайт,Кофе,Колумбия 250 г,690,6
10617,2025-05-17,C045,Москва,маркетплейс,Посуда,Френч-пресс,1890,4
10618,2025-05-17,C118,Москва,сайт,Кофе,Колумбия 250 г,690,3
10618,2025-05-17,C118,Москва,сайт,Чай,Улун 100 г,540,1
10619,2025-05-18,C122,Екатеринбург,приложение,Кофе,Колумбия 250 г,690,1
10619,2025-05-18,C122,Екатеринбург,приложение,Аксессуары,Фильтры бумажные,240,2
10620,2025-05-18,C178,Санкт-Петербург,сайт,Кофе,Эфиопия 250 г,790,3
10620,2025-05-18,C178,Санкт-Петербург,сайт,Сладости,Зефир,210,3
10621,2025-05-19,C173,Новосибирск,маркетплейс,Сладости,Миндаль в шоколаде,320,2
10622,2025-05-19,C216,Москва,сайт,Сладости,Шоколад горький,180,1
10623,2025-05-19,C102,Казань,маркетплейс,Сладости,Миндаль в шоколаде,320,2
10623,2025-05-19,C102,Казань,маркетплейс,Чай,Зелёный чай 100 г,390,2
10623,2025-05-19,C102,Казань,маркетплейс,Чай,Чёрный чай 100 г,350,5
10624,2025-05-19,C138,Екатеринбург,приложение,Аксессуары,Термокружка,1150,1
10625,2025-05-20,C030,Новосибирск,маркетплейс,Кофе,Бразилия 1 кг,1290,1
10626,2025-05-21,C066,Москва,сайт,Кофе,Эфиопия 250 г,790,2
10627,2025-05-21,C178,Санкт-Петербург,приложение,Кофе,Кофе без кофеина 250 г,720,3
10628,2025-05-21,C045,Москва,приложение,Кофе,Колумбия 250 г,690,1
10628,2025-05-21,C045,Москва,приложение,Сладости,Зефир,210,1
10629,2025-05-21,C160,Москва,приложение,Кофе,Кофе без кофеина 250 г,720,3
10629,2025-05-21,C160,Москва,приложение,Кофе,Бразилия 1 кг,1290,1
10630,2025-05-21,C138,Екатеринбург,сайт,Кофе,Эфиопия 250 г,790,3
10631,2025-05-22,C158,Казань,маркетплейс,Кофе,Колумбия 250 г,690,1
10632,2025-05-22,C079,Санкт-Петербург,сайт,Чай,Зелёный чай 100 г,390,1
10632,2025-05-22,C079,Санкт-Петербург,сайт,Чай,Чёрный чай 100 г,350,3
10633,2025-05-22,C041,Санкт-Петербург,сайт,Кофе,Кофе без кофеина 250 г,720,3
10634,2025-05-22,C137,Санкт-Петербург,приложение,Сладости,Шоколад горький,180,2
10635,2025-05-22,C087,Казань,маркетплейс,Сладости,Печенье овсяное,150,1
10635,2025-05-22,C087,Казань,маркетплейс,Кофе,Эфиопия 250 г,790,1
10636,2025-05-22,C097,Санкт-Петербург,сайт,Чай,Чёрный чай 100 г,350,1
10637,2025-05-23,C160,Москва,маркетплейс,Сладости,Печенье овсяное,150,1
10638,2025-05-23,C159,Новосибирск,сайт,Сладости,Миндаль в шоколаде,320,1
10638,2025-05-23,C159,Новосибирск,сайт,Аксессуары,Фильтры бумажные,240,2
10639,2025-05-23,C176,Санкт-Петербург,сайт,Аксессуары,Кофемолка ручная,3200,1
10640,2025-05-24,C088,Санкт-Петербург,маркетплейс,Кофе,Эфиопия 250 г,790,3
10640,2025-05-24,C088,Санкт-Петербург,маркетплейс,Аксессуары,Кофемолка ручная,3200,1
10641,2025-05-24,C220,Москва,сайт,Чай,Зелёный чай 100 г,390,1
10641,2025-05-24,C220,Москва,сайт,Кофе,Колумбия 250 г,690,1
10642,2025-05-24,C108,Санкт-Петербург,сайт,Кофе,Колумбия 250 г,690,3
10642,2025-05-24,C108,Санкт-Петербург,сайт,Чай,Травяной сбор 50 г,260,6
10643,2025-05-24,C218,Екатеринбург,маркетплейс,Чай,Травяной сбор 50 г,260,3
10643,2025-05-24,C218,Екатеринбург,маркетплейс,Кофе,Бразилия 1 кг,1290,2
10644,2025-05-24,C172,Санкт-Петербург,сайт,Чай,Улун 100 г,540,4
10644,2025-05-24,C172,Санкт-Петербург,сайт,Кофе,Эфиопия 250 г,790,1
10645,2025-05-24,C076,Казань,сайт,Посуда,Турка медная,2400,1
10645,2025-05-24,C076,Казань,сайт,Кофе,Эфиопия 250 г,790,6
10646,2025-05-24,C221,Екатеринбург,сайт,Сладости,Зефир,210,1
10647,2025-05-24,C139,Екатеринбург,маркетплейс,Кофе,Эспрессо-смесь 1 кг,1450,1
10648,2025-05-25,C050,Москва,сайт,Кофе,Эспрессо-смесь 1 кг,1450,1
10649,2025-05-25,C232,Москва,сайт,Посуда,Френч-пресс,1890,1
10650,2025-05-25,C194,Казань,сайт,Кофе,Бразилия 1 кг,1290,1
10650,2025-05-25,C194,Казань,сайт,Чай,Зелёный чай 100 г,390,2
10651,2025-05-25,C033,Казань,сайт,Кофе,Бразилия 1 кг,1290,1
10652,2025-05-26,C193,Новосибирск,сайт,Сладости,Шоколад горький,180,3
10652,2025-05-26,C193,Новосибирск,сайт,Кофе,Эспрессо-смесь 1 кг,1450,1
10653,2025-05-26,C015,Екатеринбург,сайт,Чай,Зелёный чай 100 г,390,3
10654,2025-05-26,C127,Казань,приложение,Кофе,Колумбия 250 г,690,3
10655,2025-05-26,C135,Санкт-Петербург,приложение,Посуда,Кружка 350 мл,590,1
10656,2025-05-26,C043,Екатеринбург,сайт,Кофе,Кофе без кофеина 250 г,720,1
10656,2025-05-26,C043,Екатеринбург,сайт,Кофе,Эспрессо-смесь 1 кг,1450,1
10657,2025-05-26,C198,Москва,маркетплейс,Кофе,Колумбия 250 г,690,3
10657,2025-05-26,C198,Москва,маркетплейс,Посуда,Чайник заварочный,1350,1
10657,2025-05-26,C198,Москва,маркетплейс,Сладости,Шоколад горький,180,3
10658,2025-05-26,C146,Санкт-Петербург,сайт,Посуда,Кружка 350 мл,590,2
10659,2025-05-27,C057,Новосибирск,сайт,Чай,Чёрный чай 100 г,350,1
10659,2025-05-27,C057,Новосибирск,сайт,Кофе,Кофе без кофеина 250 г,720,3
10660,2025-05-27,C105,Екатеринбург,приложение,Кофе,Кофе без кофеина 250 г,720,1
10661,2025-05-27,C023,Новосибирск,приложение,Кофе,Эспрессо-смесь 1 кг,1450,1
10661,2025-05-27,C023,Новосибирск,приложение,Кофе,Эфиопия 250 г,790,4
10661,2025-05-27,C023,Новосибирск,приложение,Чай,Травяной сбор 50 г,260,3
10662,2025-05-27,C118,Москва,приложение,Сладости,Шоколад горький,180,1
10663,2025-05-27,C145,Новосибирск,сайт,Чай,Улун 100 г,540,2
10663,2025-05-27,C145,Новосибирск,сайт,Кофе,Кофе без кофеина 250 г,720,2
10664,2025-05-27,C068,Москва,сайт,Посуда,Френч-пресс,1890,1
10664,2025-05-27,C068,Москва,сайт,Кофе,Колумбия 250 г,690,1
10665,2025-05-28,C190,Новосибирск,сайт,Кофе,Эспрессо-смесь 1 кг,1450,1
10666,2025-05-28,C209,Москва,приложение,Чай,Чёрный чай 100 г,350,1
10667,2025-05-28,C118,Москва,сайт,Чай,Чёрный чай 100 г,350,1
10667,2025-05-28,C118,Москва,сайт,Кофе,Кофе без кофеина 250 г,720,2
10668,2025-05-28,C196,Казань,маркетплейс,Кофе,Эфиопия 250 г,790,1
10668,2025-05-28,C196,Казань,маркетплейс,Чай,Травяной сбор 50 г,260,5
10669,2025-05-28,C126,Екатеринбург,маркетплейс,Чай,Зелёный чай 100 г,390,7
10670,2025-05-29,C207,Санкт-Петербург,приложение,Чай,Чёрный чай 100 г,350,2
10671,2025-05-29,C216,Москва,приложение,Чай,Чёрный чай 100 г,350,5
10672,2025-05-29,C176,Санкт-Петербург,сайт,Кофе,Эфиопия 250 г,790,1
10672,2025-05-29,C176,Санкт-Петербург,сайт,Чай,Улун 100 г,540,2
10672,2025-05-29,C176,Санкт-Петербург,сайт,Чай,Зелёный чай 100 г,390,1
10673,2025-05-30,C053,Санкт-Петербург,приложение,Сладости,Печенье овсяное,150,2
10673,2025-05-30,C053,Санкт-Петербург,приложение,Чай,Чёрный чай 100 г,350,2
10674,2025-05-30,C078,Казань,приложение,Кофе,Эфиопия 250 г,790,1
10675,2025-05-30,C107,Новосибирск,маркетплейс,Сладости,Печенье овсяное,150,2
10675,2025-05-30,C107,Новосибирск,маркетплейс,Чай,Травяной сбор 50 г,260,1
10676,2025-05-30,C121,Новосибирск,сайт,Кофе,Бразилия 1 кг,1290,1
10677,2025-05-30,C116,Екатеринбург,сайт,Чай,Травяной сбор 50 г,260,4
10678,2025-05-31,C046,Казань,приложение,Сладости,Зефир,210,1
10678,2025-05-31,C046,Казань,приложение,Сладости,Печенье овсяное,150,3
10678,2025-05-31,C046,Казань,приложение,Сладости,Шоколад горький,180,1
10679,2025-05-31,C014,Москва,сайт,Чай,Зелёный чай 100 г,390,2
10679,2025-05-31,C014,Москва,сайт,Сладости,Шоколад горький,180,1
10680,2025-06-01,C111,Москва,приложение,Кофе,Бразилия 1 кг,1290,2
10681,2025-06-01,C180,Казань,сайт,Чай,Улун 100 г,540,2
10681,2025-06-01,C180,Казань,сайт,Посуда,Турка медная,2400,1
10682,2025-06-01,C132,Москва,маркетплейс,Кофе,Эфиопия 250 г,790,3
10683,2025-06-01,C174,Санкт-Петербург,сайт,Сладости,Миндаль в шоколаде,320,1
10683,2025-06-01,C174,Санкт-Петербург,сайт,Чай,Травяной сбор 50 г,260,1
10684,2025-06-01,C171,Москва,сайт,Чай,Улун 100 г,540,1
10685,2025-06-01,C153,Санкт-Петербург,маркетплейс,Кофе,Эфиопия 250 г,790,1
10685,2025-06-01,C153,Санкт-Петербург,маркетплейс,Кофе,Кофе без кофеина 250 г,720,2
10686,2025-06-02,C035,Москва,сайт,Кофе,Бразилия 1 кг,1290,2
10686,2025-06-02,C035,Москва,сайт,Кофе,Кофе без кофеина 250 г,720,2
10687,2025-06-02,C116,Екатеринбург,сайт,Кофе,Кофе без кофеина 250 г,720,3
10688,2025-06-02,C067,Москва,сайт,Кофе,Эфиопия 250 г,790,1
10688,2025-06-02,C067,Москва,сайт,Сладости,Печенье овсяное,150,2
10689,2025-06-02,C126,Екатеринбург,приложение,Сладости,Зефир,210,1
10690,2025-06-03,C233,Санкт-Петербург,сайт,Кофе,Кофе без кофеина 250 г,720,2
10690,2025-06-03,C233,Санкт-Петербург,сайт,Сладости,Миндаль в шоколаде,320,1
10691,2025-06-03,C161,Санкт-Петербург,маркетплейс,Кофе,Колумбия 250 г,690,4
10692,2025-06-03,C030,Новосибирск,сайт,Кофе,Бразилия 1 кг,1290,2
10693,2025-06-03,C148,Санкт-Петербург,сайт,Кофе,Колумбия 250 г,690,3
10693,2025-06-03,C148,Санкт-Петербург,сайт,Кофе,Эфиопия 250 г,790,2
10693,2025-06-03,C148,Санкт-Петербург,сайт,Аксессуары,Кофемолка ручная,3200,2
10694,2025-06-03,C084,Санкт-Петербург,сайт,Кофе,Бразилия 1 кг,1290,1
10695,2025-06-03,C145,Новосибирск,приложение,Сладости,Печенье овсяное,150,1
10695,2025-06-03,C145,Новосибирск,приложение,Чай,Зелёный чай 100 г,390,2
10696,2025-06-03,C081,Москва,приложение,Кофе,Кофе без кофеина 250 г,720,1
10697,2025-06-03,C151,Москва,сайт,Чай,Травяной сбор 50 г,260,6
10698,2025-06-04,C038,Санкт-Петербург,приложение,Кофе,Колумбия 250 г,690,2
10699,2025-06-04,C118,Москва,сайт,Сладости,Зефир,210,2
10700,2025-06-04,C068,Москва,сайт,Кофе,Эспрессо-смесь 1 кг,1450,1
10700,2025-06-04,C068,Москва,сайт,Сладости,Зефир,210,3
10701,2025-06-05,C043,Екатеринбург,приложение,Кофе,Эспрессо-смесь 1 кг,1450,1
10701,2025-06-05,C043,Екатеринбург,приложение,Сладости,Зефир,210,5
10702,2025-06-05,C223,Санкт-Петербург,маркетплейс,Кофе,Кофе без кофеина 250 г,720,2
10702,2025-06-05,C223,Санкт-Петербург,маркетплейс,Кофе,Эспрессо-смесь 1 кг,1450,2
10703,2025-06-05,C019,Москва,приложение,Аксессуары,Термокружка,1150,1
10703,2025-06-05,C019,Москва,приложение,Сладости,Шоколад горький,180,1
10704,2025-06-05,C005,Екатеринбург,маркетплейс,Кофе,Колумбия 250 г,690,2
10704,2025-06-05,C005,Екатеринбург,маркетплейс,Кофе,Бразилия 1 кг,1290,2
10704,2025-06-05,C005,Екатеринбург,маркетплейс,Чай,Зелёный чай 100 г,390,3
10705,2025-06-05,C138,Екатеринбург,приложение,Сладости,Миндаль в шоколаде,320,1
10705,2025-06-05,C138,Екатеринбург,приложение,Чай,Улун 100 г,540,2
10706,2025-06-05,C097,Санкт-Петербург,сайт,Чай,Чёрный чай 100 г,350,1
10706,2025-06-05,C097,Санкт-Петербург,сайт,Кофе,Кофе без кофеина 250 г,720,2
10706,2025-06-05,C097,Санкт-Петербург,сайт,Сладости,Шоколад горький,180,2
10707,2025-06-06,C162,Москва,сайт,Кофе,Кофе без кофеина 250 г,720,1
10707,2025-06-06,C162,Москва,сайт,Кофе,Эфиопия 250 г,790,3
10707,2025-06-06,C162,Москва,сайт,Кофе,Эспрессо-смесь 1 кг,1450,1
10708,2025-06-06,C067,Москва,сайт,Сладости,Печенье овсяное,150,1
10709,2025-06-06,C234,Санкт-Петербург,сайт,Чай,Улун 100 г,540,2
10709,2025-06-06,C234,Санкт-Петербург,сайт,Кофе,Колумбия 250 г,690,1
10710,2025-06-06,C006,Москва,приложение,Кофе,Бразилия 1 кг,1290,1
10710,2025-06-06,C006,Москва,приложение,Аксессуары,Фильтры бумажные,240,1
10710,2025-06-06,C006,Москва,приложение,Кофе,Колумбия 250 г,690,2
10711,2025-06-06,C172,Санкт-Петербург,маркетплейс,Сладости,Печенье овсяное,150,1
10711,2025-06-06,C172,Санкт-Петербург,маркетплейс,Кофе,Колумбия 250 г,690,2
10712,2025-06-06,C148,Санкт-Петербург,приложение,Чай,Чёрный чай 100 г,350,5
10713,2025-06-07,C081,Москва,маркетплейс,Кофе,Эспрессо-смесь 1 кг,1450,1
10714,2025-06-07,C203,Казань,приложение,Кофе,Колумбия 250 г,690,3
10715,2025-06-07,C078,Казань,сайт,Кофе,Кофе без кофеина 250 г,720,2
10716,2025-06-07,C081,Москва,сайт,Сладости,Зефир,210,2
10717,2025-06-08,C219,Екатеринбург,приложение,Кофе,Кофе без кофеина 250 г,720,3
10717,2025-06-08,C219,Екатеринбург,приложение,Сладости,Зефир,210,1
10718,2025-06-08,C147,Москва,маркетплейс,Чай,Травяной сбор 50 г,260,2
10718,2025-06-08,C147,Москва,маркетплейс,Чай,Улун 100 г,540,2
10719,2025-06-08,C045,Москва,приложение,Кофе,Эфиопия 250 г,790,1
10719,2025-06-08,C045,Москва,приложение,Чай,Чёрный чай 100 г,350,2
10720,2025-06-08,C118,Москва,приложение,Кофе,Эспрессо-смесь 1 кг,1450,1
10721,2025-06-08,C118,Москва,сайт,Кофе,Колумбия 250 г,690,4
10722,2025-06-09,C167,Москва,маркетплейс,Сладости,Печенье овсяное,150,3
10722,2025-06-09,C167,Москва,маркетплейс,Кофе,Кофе без кофеина 250 г,720,4
10723,2025-06-09,C031,Москва,маркетплейс,Кофе,Колумбия 250 г,690,1
10723,2025-06-09,C031,Москва,маркетплейс,Сладости,Миндаль в шоколаде,320,1
10724,2025-06-09,C087,Казань,сайт,Кофе,Кофе без кофеина 250 г,720,3
10725,2025-06-09,C118,Москва,приложение,Кофе,Колумбия 250 г,690,3
10726,2025-06-10,C092,Казань,сайт,Кофе,Колумбия 250 г,690,2
10726,2025-06-10,C092,Казань,сайт,Сладости,Зефир,210,2
10727,2025-06-10,C203,Казань,приложение,Кофе,Кофе без кофеина 250 г,720,2
10728,2025-06-10,C030,Новосибирск,сайт,Кофе,Кофе без кофеина 250 г,720,3
10728,2025-06-10,C030,Новосибирск,сайт,Чай,Зелёный чай 100 г,390,3
10729,2025-06-10,C196,Казань,сайт,Чай,Травяной сбор 50 г,260,4
10730,2025-06-10,C190,Новосибирск,сайт,Чай,Чёрный чай 100 г,350,2
10731,2025-06-11,C011,Новосибирск,маркетплейс,Сладости,Шоколад горький,180,3
10731,2025-06-11,C011,Новосибирск,маркетплейс,Аксессуары,Кофемолка ручная,3200,1
10732,2025-06-12,C111,Москва,маркетплейс,Аксессуары,Кофемолка ручная,3200,2
10733,2025-06-12,C091,Москва,приложение,Кофе,Кофе без кофеина 250 г,720,2
10734,2025-06-12,C183,Санкт-Петербург,маркетплейс,Кофе,Кофе без кофеина 250 г,720,1
10734,2025-06-12,C183,Санкт-Петербург,маркетплейс,Сладости,Печенье овсяное,150,1
10735,2025-06-13,C170,Москва,приложение,Чай,Чёрный чай 100 г,350,3
10736,2025-06-13,C173,Новосибирск,сайт,Кофе,Эспрессо-смесь 1 кг,1450,1
10736,2025-06-13,C173,Новосибирск,сайт,Сладости,Шоколад горький,180,2
10736,2025-06-13,C173,Новосибирск,сайт,Чай,Улун 100 г,540,2
10737,2025-06-13,C171,Москва,приложение,Чай,Улун 100 г,540,2
10737,2025-06-13,C171,Москва,приложение,Чай,Зелёный чай 100 г,390,1
10738,2025-06-13,C172,Санкт-Петербург,сайт,Чай,Травяной сбор 50 г,260,1
10739,2025-06-14,C196,Казань,маркетплейс,Кофе,Колумбия 250 г,690,2
10739,2025-06-14,C196,Казань,маркетплейс,Кофе,Эспрессо-смесь 1 кг,1450,1
10740,2025-06-14,C216,Москва,сайт,Кофе,Эспрессо-смесь 1 кг,1450,3
10740,2025-06-14,C216,Москва,сайт,Аксессуары,Термокружка,1150,2
10741,2025-06-14,C184,Санкт-Петербург,сайт,Кофе,Эфиопия 250 г,790,3
10741,2025-06-14,C184,Санкт-Петербург,сайт,Чай,Травяной сбор 50 г,260,2
10742,2025-06-14,C190,Новосибирск,маркетплейс,Посуда,Кружка 350 мл,590,1
10743,2025-06-14,C167,Москва,сайт,Кофе,Кофе без кофеина 250 г,720,3
10744,2025-06-14,C143,Москва,приложение,Аксессуары,Фильтры бумажные,240,3
10744,2025-06-14,C143,Москва,приложение,Кофе,Бразилия 1 кг,1290,2
10745,2025-06-15,C066,Москва,приложение,Чай,Чёрный чай 100 г,350,1
10746,2025-06-15,C142,Екатеринбург,сайт,Сладости,Шоколад горький,180,3
10747,2025-06-15,C034,Санкт-Петербург,приложение,Кофе,Эспрессо-смесь 1 кг,1450,1
10748,2025-06-16,C116,Екатеринбург,сайт,Сладости,Шоколад горький,180,2
10748,2025-06-16,C116,Екатеринбург,сайт,Чай,Зелёный чай 100 г,390,1
10749,2025-06-16,C035,Москва,приложение,Кофе,Колумбия 250 г,690,3
10750,2025-06-16,C041,Санкт-Петербург,маркетплейс,Сладости,Миндаль в шоколаде,320,2
10751,2025-06-16,C183,Санкт-Петербург,маркетплейс,Сладости,Шоколад горький,180,2
10752,2025-06-17,C012,Москва,сайт,Чай,Зелёный чай 100 г,390,2
10753,2025-06-17,C139,Екатеринбург,сайт,Кофе,Колумбия 250 г,690,1
10753,2025-06-17,C139,Екатеринбург,сайт,Аксессуары,Кофемолка ручная,3200,1
10754,2025-06-17,C058,Санкт-Петербург,приложение,Кофе,Эспрессо-смесь 1 кг,1450,1
10755,2025-06-17,C034,Санкт-Петербург,маркетплейс,Кофе,Эспрессо-смесь 1 кг,1450,1
10756,2025-06-18,C176,Санкт-Петербург,маркетплейс,Кофе,Эспрессо-смесь 1 кг,1450,2
10757,2025-06-18,C032,Москва,приложение,Сладости,Миндаль в шоколаде,320,3
10758,2025-06-18,C196,Казань,приложение,Кофе,Эспрессо-смесь 1 кг,1450,2
10758,2025-06-18,C196,Казань,приложение,Сладости,Печенье овсяное,150,4
10759,2025-06-19,C205,Санкт-Петербург,сайт,Посуда,Кружка 350 мл,590,2
10760,2025-06-19,C023,Новосибирск,приложение,Кофе,Кофе без кофеина 250 г,720,1
10761,2025-06-19,C204,Москва,приложение,Кофе,Эспрессо-смесь 1 кг,1450,1
10762,2025-06-19,C074,Казань,сайт,Чай,Улун 100 г,540,1
10763,2025-06-19,C122,Екатеринбург,сайт,Кофе,Эспрессо-смесь 1 кг,1450,1
10764,2025-06-19,C030,Новосибирск,маркетплейс,Чай,Чёрный чай 100 г,350,1
10765,2025-06-19,C169,Казань,сайт,Чай,Травяной сбор 50 г,260,2
10765,2025-06-19,C169,Казань,сайт,Кофе,Бразилия 1 кг,1290,2
10766,2025-06-20,C151,Москва,приложение,Сладости,Миндаль в шоколаде,320,1
10767,2025-06-20,C208,Санкт-Петербург,маркетплейс,Кофе,Бразилия 1 кг,1290,1
10768,2025-06-20,C094,Екатеринбург,приложение,Посуда,Кружка 350 мл,590,2
10769,2025-06-20,C102,Казань,сайт,Кофе,Эспрессо-смесь 1 кг,1450,1
10769,2025-06-20,C102,Казань,сайт,Кофе,Бразилия 1 кг,1290,1
10770,2025-06-20,C119,Новосибирск,сайт,Кофе,Кофе без кофеина 250 г,720,2
10771,2025-06-21,C101,Казань,маркетплейс,Кофе,Эспрессо-смесь 1 кг,1450,4
10772,2025-06-21,C064,Москва,сайт,Сладости,Печенье овсяное,150,4
10773,2025-06-21,C064,Москва,сайт,Аксессуары,Термокружка,1150,1
10774,2025-06-21,C167,Москва,маркетплейс,Кофе,Эфиопия 250 г,790,1
10774,2025-06-21,C167,Москва,маркетплейс,Чай,Зелёный чай 100 г,390,3
10775,2025-06-21,C207,Санкт-Петербург,сайт,Чай,Травяной сбор 50 г,260,2
10775,2025-06-21,C207,Санкт-Петербург,сайт,Сладости,Миндаль в шоколаде,320,2
10775,2025-06-21,C207,Санкт-Петербург,сайт,Кофе,Колумбия 250 г,690,1
10776,2025-06-21,C059,Москва,приложение,Кофе,Эфиопия 250 г,790,2
10777,2025-06-22,C025,Москва,сайт,Чай,Улун 100 г,540,1
10778,2025-06-22,C188,Москва,маркетплейс,Посуда,Чайник заварочный,1350,1
10778,2025-06-22,C188,Москва,маркетплейс,Чай,Зелёный чай 100 г,390,3
10779,2025-06-22,C164,Москва,сайт,Чай,Зелёный чай 100 г,390,2
10780,2025-06-22,C077,Казань,сайт,Чай,Зелёный чай 100 г,390,2
10780,2025-06-22,C077,Казань,сайт,Кофе,Кофе без кофеина 250 г,720,3
10780,2025-06-22,C077,Казань,сайт,Сладости,Зефир,210,3
10781,2025-06-22,C203,Казань,сайт,Сладости,Зефир,210,1
10781,2025-06-22,C203,Казань,сайт,Чай,Чёрный чай 100 г,350,2
10782,2025-06-22,C140,Санкт-Петербург,приложение,Сладости,Шоколад горький,180,2
10783,2025-06-22,C208,Санкт-Петербург,маркетплейс,Кофе,Бразилия 1 кг,1290,1
10784,2025-06-22,C052,Москва,маркетплейс,Кофе,Колумбия 250 г,690,1
10785,2025-06-22,C170,Москва,маркетплейс,Сладости,Шоколад горький,180,2
10786,2025-06-23,C118,Москва,приложение,Чай,Чёрный чай 100 г,350,3
10787,2025-06-23,C139,Екатеринбург,маркетплейс,Кофе,Бразилия 1 кг,1290,1
10787,2025-06-23,C139,Екатеринбург,маркетплейс,Кофе,Эспрессо-смесь 1 кг,1450,1
10788,2025-06-24,C081,Москва,маркетплейс,Кофе,Кофе без кофеина 250 г,720,1
10788,2025-06-24,C081,Москва,маркетплейс,Посуда,Френч-пресс,1890,1
10789,2025-06-24,C190,Новосибирск,приложение,Кофе,Эфиопия 250 г,790,2
10789,2025-06-24,C190,Новосибирск,приложение,Сладости,Шоколад горький,180,2
10790,2025-06-24,C166,Москва,приложение,Кофе,Кофе без кофеина 250 г,720,1
10790,2025-06-24,C166,Москва,приложение,Чай,Травяной сбор 50 г,260,1
10791,2025-06-24,C114,Санкт-Петербург,сайт,Чай,Травяной сбор 50 г,260,2
10791,2025-06-24,C114,Санкт-Петербург,сайт,Кофе,Эфиопия 250 г,790,4
10792,2025-06-24,C122,Екатеринбург,сайт,Кофе,Эфиопия 250 г,790,2
10792,2025-06-24,C122,Екатеринбург,сайт,Чай,Зелёный чай 100 г,390,1
10793,2025-06-24,C234,Санкт-Петербург,сайт,Аксессуары,Кофемолка ручная,3200,1
10793,2025-06-24,C234,Санкт-Петербург,сайт,Чай,Травяной сбор 50 г,260,1
10794,2025-06-24,C167,Москва,сайт,Кофе,Колумбия 250 г,690,1
10795,2025-06-24,C194,Казань,сайт,Сладости,Зефир,210,1
10796,2025-06-24,C102,Казань,приложение,Кофе,Эфиопия 250 г,790,1
10797,2025-06-25,C107,Новосибирск,сайт,Чай,Улун 100 г,540,3
10797,2025-06-25,C107,Новосибирск,сайт,Кофе,Эфиопия 250 г,790,3
10798,2025-06-26,C155,Москва,маркетплейс,Кофе,Бразилия 1 кг,1290,1
10799,2025-06-26,C035,Москва,маркетплейс,Кофе,Эфиопия 250 г,790,3
10799,2025-06-26,C035,Москва,маркетплейс,Сладости,Миндаль в шоколаде,320,2
10800,2025-06-26,C202,Санкт-Петербург,маркетплейс,Кофе,Колумбия 250 г,690,3
10801,2025-06-26,C226,Москва,сайт,Аксессуары,Термокружка,1150,1
10802,2025-06-27,C124,Санкт-Петербург,приложение,Сладости,Миндаль в шоколаде,320,2
10802,2025-06-27,C124,Санкт-Петербург,приложение,Сладости,Шоколад горький,180,2
10803,2025-06-27,C187,Москва,маркетплейс,Чай,Улун 100 г,540,3
10804,2025-06-28,C208,Санкт-Петербург,сайт,Кофе,Эфиопия 250 г,790,1
10805,2025-06-28,C170,Москва,приложение,Кофе,Кофе без кофеина 250 г,720,3
10805,2025-06-28,C170,Москва,приложение,Сладости,Печенье овсяное,150,2
10806,2025-06-28,C023,Новосибирск,приложение,Посуда,Турка медная,2400,1
10806,2025-06-28,C023,Новосибирск,приложение,Кофе,Бразилия 1 кг,1290,1
10806,2025-06-28,C023,Новосибирск,приложение,Сладости,Зефир,210,2
10807,2025-06-28,C151,Москва,приложение,Посуда,Кружка 350 мл,590,1
10808,2025-06-28,C028,Москва,приложение,Посуда,Кружка 350 мл,590,2
10808,2025-06-28,C028,Москва,приложение,Кофе,Эфиопия 250 г,790,2
10809,2025-06-29,C134,Москва,приложение,Чай,Улун 100 г,540,7
10810,2025-06-29,C203,Казань,сайт,Сладости,Печенье овсяное,150,1
10810,2025-06-29,C203,Казань,сайт,Сладости,Зефир,210,1
10810,2025-06-29,C203,Казань,сайт,Кофе,Эспрессо-смесь 1 кг,1450,2
10811,2025-06-29,C121,Новосибирск,приложение,Кофе,Кофе без кофеина 250 г,720,1
10811,2025-06-29,C121,Новосибирск,приложение,Кофе,Эспрессо-смесь 1 кг,1450,1
10812,2025-06-29,C140,Санкт-Петербург,маркетплейс,Чай,Травяной сбор 50 г,260,4
10812,2025-06-29,C140,Санкт-Петербург,маркетплейс,Сладости,Шоколад горький,180,3
10812,2025-06-29,C140,Санкт-Петербург,маркетплейс,Сладости,Зефир,210,1
10813,2025-06-29,C087,Казань,сайт,Кофе,Бразилия 1 кг,1290,2
10814,2025-06-29,C122,Екатеринбург,маркетплейс,Кофе,Эфиопия 250 г,790,4
10814,2025-06-29,C122,Екатеринбург,маркетплейс,Посуда,Кружка 350 мл,590,2
10815,2025-06-29,C111,Москва,сайт,Кофе,Эфиопия 250 г,790,1
10815,2025-06-29,C111,Москва,сайт,Чай,Травяной сбор 50 г,260,2
10816,2025-06-30,C212,Санкт-Петербург,сайт,Кофе,Кофе без кофеина 250 г,720,3
10817,2025-07-01,C023,Новосибирск,маркетплейс,Чай,Чёрный чай 100 г,350,2
10817,2025-07-01,C023,Новосибирск,маркетплейс,Посуда,Кружка 350 мл,590,1
10818,2025-07-01,C068,Москва,приложение,Кофе,Колумбия 250 г,690,2
10819,2025-07-01,C195,Москва,сайт,Посуда,Чайник заварочный,1350,2
10820,2025-07-03,C203,Казань,маркетплейс,Чай,Травяной сбор 50 г,260,1
10821,2025-07-03,C148,Санкт-Петербург,сайт,Аксессуары,Фильтры бумажные,240,2
10821,2025-07-03,C148,Санкт-Петербург,сайт,Сладости,Миндаль в шоколаде,320,4
10822,2025-07-03,C099,Екатеринбург,приложение,Кофе,Эфиопия 250 г,790,1
10822,2025-07-03,C099,Екатеринбург,приложение,Сладости,Печенье овсяное,150,2
10823,2025-07-04,C167,Москва,сайт,Посуда,Кружка 350 мл,590,2
10824,2025-07-04,C192,Новосибирск,сайт,Сладости,Печенье овсяное,150,1
10825,2025-07-04,C043,Екатеринбург,маркетплейс,Сладости,Зефир,210,1
10826,2025-07-04,C067,Москва,сайт,Сладости,Шоколад горький,180,2
10826,2025-07-04,C067,Москва,сайт,Чай,Травяной сбор 50 г,260,1
10827,2025-07-05,C066,Москва,сайт,Сладости,Печенье овсяное,150,3
10828,2025-07-05,C138,Екатеринбург,сайт,Чай,Чёрный чай 100 г,350,5
10829,2025-07-05,C181,Москва,приложение,Кофе,Эспрессо-смесь 1 кг,1450,1
10830,2025-07-05,C111,Москва,сайт,Сладости,Миндаль в шоколаде,320,4
10830,2025-07-05,C111,Москва,сайт,Кофе,Бразилия 1 кг,1290,1
10831,2025-07-06,C070,Москва,сайт,Аксессуары,Фильтры бумажные,240,4
10832,2025-07-06,C038,Санкт-Петербург,приложение,Сладости,Зефир,210,1
10833,2025-07-06,C016,Москва,маркетплейс,Чай,Улун 100 г,540,2
10833,2025-07-06,C016,Москва,маркетплейс,Кофе,Эфиопия 250 г,790,2
10833,2025-07-06,C016,Москва,маркетплейс,Аксессуары,Фильтры бумажные,240,1
10834,2025-07-06,C081,Москва,маркетплейс,Чай,Зелёный чай 100 г,390,4
10835,2025-07-06,C203,Казань,сайт,Кофе,Кофе без кофеина 250 г,720,1
10836,2025-07-06,C069,Казань,маркетплейс,Чай,Улун 100 г,540,2
10837,2025-07-06,C207,Санкт-Петербург,сайт,Кофе,Кофе без кофеина 250 г,720,3
10838,2025-07-06,C025,Москва,сайт,Кофе,Кофе без кофеина 250 г,720,4
10839,2025-07-06,C159,Новосибирск,маркетплейс,Посуда,Френч-пресс,1890,1
10840,2025-07-07,C220,Москва,маркетплейс,Кофе,Кофе без кофеина 250 г,720,2
10841,2025-07-07,C053,Санкт-Петербург,маркетплейс,Кофе,Эфиопия 250 г,790,2
10842,2025-07-08,C101,Казань,приложение,Сладости,Шоколад горький,180,3
10843,2025-07-08,C064,Москва,сайт,Кофе,Эспрессо-смесь 1 кг,1450,1
10844,2025-07-08,C202,Санкт-Петербург,сайт,Сладости,Зефир,210,1
10845,2025-07-08,C134,Москва,сайт,Кофе,Колумбия 250 г,690,7
10846,2025-07-08,C147,Москва,приложение,Сладости,Шоколад горький,180,1
10846,2025-07-08,C147,Москва,приложение,Кофе,Эфиопия 250 г,790,2
10847,2025-07-10,C011,Новосибирск,приложение,Сладости,Зефир,210,1
10847,2025-07-10,C011,Новосибирск,приложение,Чай,Зелёный чай 100 г,390,1
10847,2025-07-10,C011,Новосибирск,приложение,Чай,Травяной сбор 50 г,260,3
10848,2025-07-10,C059,Москва,приложение,Кофе,Колумбия 250 г,690,1
10849,2025-07-10,C097,Санкт-Петербург,маркетплейс,Посуда,Френч-пресс,1890,3
10849,2025-07-10,C097,Санкт-Петербург,маркетплейс,Сладости,Печенье овсяное,150,2
10850,2025-07-11,C023,Новосибирск,приложение,Чай,Зелёный чай 100 г,390,1
10850,2025-07-11,C023,Новосибирск,приложение,Посуда,Турка медная,2400,3
10851,2025-07-11,C121,Новосибирск,маркетплейс,Кофе,Колумбия 250 г,690,2
10851,2025-07-11,C121,Новосибирск,маркетплейс,Чай,Травяной сбор 50 г,260,4
10852,2025-07-12,C234,Санкт-Петербург,приложение,Сладости,Печенье овсяное,150,1
10853,2025-07-12,C092,Казань,маркетплейс,Сладости,Шоколад горький,180,2
10854,2025-07-12,C212,Санкт-Петербург,приложение,Кофе,Бразилия 1 кг,1290,1
10855,2025-07-12,C208,Санкт-Петербург,маркетплейс,Кофе,Эфиопия 250 г,790,1
10855,2025-07-12,C208,Санкт-Петербург,маркетплейс,Кофе,Кофе без кофеина 250 г,720,3
10856,2025-07-12,C002,Екатеринбург,приложение,Кофе,Бразилия 1 кг,1290,1
10857,2025-07-13,C033,Казань,сайт,Посуда,Турка медная,2400,1
10858,2025-07-13,C024,Санкт-Петербург,сайт,Кофе,Эфиопия 250 г,790,6
10859,2025-07-13,C107,Новосибирск,маркетплейс,Сладости,Миндаль в шоколаде,320,2
10859,2025-07-13,C107,Новосибирск,маркетплейс,Посуда,Чайник заварочный,1350,1
10860,2025-07-14,C038,Санкт-Петербург,сайт,Сладости,Шоколад горький,180,2
10860,2025-07-14,C038,Санкт-Петербург,сайт,Чай,Травяной сбор 50 г,260,2
10861,2025-07-14,C023,Новосибирск,маркетплейс,Кофе,Эспрессо-смесь 1 кг,1450,2
10862,2025-07-14,C064,Москва,маркетплейс,Сладости,Миндаль в шоколаде,320,2
10863,2025-07-15,C121,Новосибирск,маркетплейс,Посуда,Кружка 350 мл,590,4
10864,2025-07-15,C066,Москва,сайт,Посуда,Чайник заварочный,1350,1
10864,2025-07-15,C066,Москва,сайт,Кофе,Эспрессо-смесь 1 кг,1450,1
10864,2025-07-15,C066,Москва,сайт,Кофе,Колумбия 250 г,690,2
10865,2025-07-15,C005,Екатеринбург,сайт,Кофе,Эфиопия 250 г,790,2
10865,2025-07-15,C005,Екатеринбург,сайт,Чай,Травяной сбор 50 г,260,2
10866,2025-07-15,C171,Москва,приложение,Сладости,Печенье овсяное,150,2
10866,2025-07-15,C171,Москва,приложение,Чай,Чёрный чай 100 г,350,2
10867,2025-07-15,C220,Москва,маркетплейс,Сладости,Зефир,210,2
10868,2025-07-16,C017,Екатеринбург,приложение,Кофе,Эспрессо-смесь 1 кг,1450,1
10869,2025-07-16,C078,Казань,сайт,Чай,Улун 100 г,540,2
10869,2025-07-16,C078,Казань,сайт,Сладости,Шоколад горький,180,4
10870,2025-07-16,C208,Санкт-Петербург,сайт,Кофе,Колумбия 250 г,690,1
10870,2025-07-16,C208,Санкт-Петербург,сайт,Чай,Чёрный чай 100 г,350,3
10871,2025-07-17,C170,Москва,сайт,Посуда,Чайник заварочный,1350,1
10872,2025-07-17,C228,Москва,сайт,Сладости,Шоколад горький,180,1
10873,2025-07-17,C176,Санкт-Петербург,сайт,Сладости,Шоколад горький,180,3
10873,2025-07-17,C176,Санкт-Петербург,сайт,Сладости,Миндаль в шоколаде,320,3
10874,2025-07-17,C059,Москва,маркетплейс,Чай,Травяной сбор 50 г,260,1
10875,2025-07-17,C171,Москва,маркетплейс,Кофе,Кофе без кофеина 250 г,720,2
10876,2025-07-17,C176,Санкт-Петербург,сайт,Кофе,Колумбия 250 г,690,2
10877,2025-07-18,C139,Екатеринбург,приложение,Аксессуары,Кофемолка ручная,3200,2
10877,2025-07-18,C139,Екатеринбург,приложение,Сладости,Миндаль в шоколаде,320,6
10878,2025-07-19,C143,Москва,приложение,Чай,Травяной сбор 50 г,260,1
10878,2025-07-19,C143,Москва,приложение,Сладости,Миндаль в шоколаде,320,2
10879,2025-07-19,C064,Москва,маркетплейс,Чай,Улун 100 г,540,4
10880,2025-07-19,C175,Москва,сайт,Кофе,Эспрессо-смесь 1 кг,1450,5
10880,2025-07-19,C175,Москва,сайт,Кофе,Кофе без кофеина 250 г,720,5
10881,2025-07-20,C209,Москва,сайт,Кофе,Колумбия 250 г,690,2
10882,2025-07-20,C183,Санкт-Петербург,сайт,Сладости,Миндаль в шоколаде,320,3
10883,2025-07-20,C048,Екатеринбург,приложение,Кофе,Эфиопия 250 г,790,7
10884,2025-07-21,C100,Екатеринбург,приложение,Кофе,Кофе без кофеина 250 г,720,1
10884,2025-07-21,C100,Екатеринбург,приложение,Сладости,Зефир,210,2
10885,2025-07-22,C176,Санкт-Петербург,приложение,Аксессуары,Фильтры бумажные,240,1
10885,2025-07-22,C176,Санкт-Петербург,приложение,Кофе,Бразилия 1 кг,1290,2
10885,2025-07-22,C176,Санкт-Петербург,приложение,Кофе,Колумбия 250 г,690,1
10886,2025-07-23,C045,Москва,сайт,Чай,Улун 100 г,540,2
10887,2025-07-23,C006,Москва,приложение,Чай,Чёрный чай 100 г,350,2
10887,2025-07-23,C006,Москва,приложение,Аксессуары,Термокружка,1150,2
10888,2025-07-23,C151,Москва,маркетплейс,Кофе,Эфиопия 250 г,790,5
10889,2025-07-24,C132,Москва,сайт,Чай,Чёрный чай 100 г,350,4
10890,2025-07-24,C026,Москва,сайт,Кофе,Эспрессо-смесь 1 кг,1450,2
10890,2025-07-24,C026,Москва,сайт,Кофе,Эфиопия 250 г,790,5
10891,2025-07-24,C162,Москва,приложение,Чай,Травяной сбор 50 г,260,1
10892,2025-07-25,C091,Москва,маркетплейс,Кофе,Бразилия 1 кг,1290,1
10892,2025-07-25,C091,Москва,маркетплейс,Сладости,Печенье овсяное,150,2
10893,2025-07-25,C121,Новосибирск,приложение,Аксессуары,Кофемолка ручная,3200,2
10894,2025-07-26,C023,Новосибирск,приложение,Кофе,Кофе без кофеина 250 г,720,3
10895,2025-07-26,C111,Москва,маркетплейс,Кофе,Бразилия 1 кг,1290,1
10896,2025-07-26,C121,Новосибирск,приложение,Кофе,Эспрессо-смесь 1 кг,1450,1
10897,2025-07-27,C112,Новосибирск,приложение,Чай,Зелёный чай 100 г,390,1
10898,2025-07-27,C118,Москва,сайт,Кофе,Эспрессо-смесь 1 кг,1450,2
10899,2025-07-27,C057,Новосибирск,приложение,Сладости,Шоколад горький,180,1
10900,2025-07-27,C207,Санкт-Петербург,приложение,Кофе,Эспрессо-смесь 1 кг,1450,1
10900,2025-07-27,C207,Санкт-Петербург,приложение,Аксессуары,Фильтры бумажные,240,2
10900,2025-07-27,C207,Санкт-Петербург,приложение,Чай,Травяной сбор 50 г,260,1
10901,2025-07-27,C083,Москва,приложение,Кофе,Эспрессо-смесь 1 кг,1450,4
10902,2025-07-28,C207,Санкт-Петербург,сайт,Сладости,Печенье овсяное,150,5
10903,2025-07-28,C107,Новосибирск,сайт,Чай,Зелёный чай 100 г,390,2
10903,2025-07-28,C107,Новосибирск,сайт,Чай,Улун 100 г,540,4
10904,2025-07-29,C230,Москва,сайт,Чай,Зелёный чай 100 г,390,1
10905,2025-07-30,C135,Санкт-Петербург,сайт,Чай,Улун 100 г,540,1
10906,2025-07-31,C063,Екатеринбург,приложение,Сладости,Печенье овсяное,150,1
10907,2025-07-31,C203,Казань,сайт,Чай,Травяной сбор 50 г,260,1
10907,2025-07-31,C203,Казань,сайт,Кофе,Эспрессо-смесь 1 кг,1450,1
10908,2025-08-01,C192,Новосибирск,приложение,Чай,Травяной сбор 50 г,260,3
10909,2025-08-01,C067,Москва,сайт,Чай,Улун 100 г,540,1
10909,2025-08-01,C067,Москва,сайт,Посуда,Кружка 350 мл,590,1
10910,2025-08-02,C052,Москва,приложение,Чай,Чёрный чай 100 г,350,2
10911,2025-08-02,C121,Новосибирск,маркетплейс,Чай,Чёрный чай 100 г,350,3
10912,2025-08-02,C121,Новосибирск,сайт,Кофе,Кофе без кофеина 250 г,720,3
10913,2025-08-02,C219,Екатеринбург,сайт,Кофе,Бразилия 1 кг,1290,1
10914,2025-08-02,C237,Казань,приложение,Кофе,Колумбия 250 г,690,2
10914,2025-08-02,C237,Казань,приложение,Кофе,Эфиопия 250 г,790,1
10915,2025-08-02,C001,Екатеринбург,сайт,Сладости,Миндаль в шоколаде,320,2
10916,2025-08-03,C198,Москва,сайт,Чай,Улун 100 г,540,3
10917,2025-08-03,C207,Санкт-Петербург,маркетплейс,Кофе,Бразилия 1 кг,1290,1
10917,2025-08-03,C207,Санкт-Петербург,маркетплейс,Кофе,Кофе без кофеина 250 г,720,1
10918,2025-08-03,C193,Новосибирск,сайт,Кофе,Эфиопия 250 г,790,1
10919,2025-08-03,C045,Москва,сайт,Сладости,Зефир,210,1
10919,2025-08-03,C045,Москва,сайт,Чай,Травяной сбор 50 г,260,1
10920,2025-08-04,C167,Москва,сайт,Кофе,Колумбия 250 г,690,2
10920,2025-08-04,C167,Москва,сайт,Кофе,Эфиопия 250 г,790,3
10921,2025-08-05,C190,Новосибирск,приложение,Чай,Чёрный чай 100 г,350,2
10921,2025-08-05,C190,Новосибирск,приложение,Сладости,Зефир,210,2
10921,2025-08-05,C190,Новосибирск,приложение,Кофе,Кофе без кофеина 250 г,720,2
10922,2025-08-05,C176,Санкт-Петербург,приложение,Посуда,Кружка 350 мл,590,2
10923,2025-08-06,C203,Казань,сайт,Кофе,Кофе без кофеина 250 г,720,2
10924,2025-08-06,C067,Москва,сайт,Кофе,Кофе без кофеина 250 г,720,1
10924,2025-08-06,C067,Москва,сайт,Чай,Улун 100 г,540,5
10925,2025-08-06,C063,Екатеринбург,приложение,Посуда,Турка медная,2400,2
10925,2025-08-06,C063,Екатеринбург,приложение,Сладости,Печенье овсяное,150,4
10926,2025-08-06,C131,Санкт-Петербург,сайт,Аксессуары,Фильтры бумажные,240,2
10927,2025-08-06,C053,Санкт-Петербург,приложение,Кофе,Колумбия 250 г,690,2
10928,2025-08-06,C108,Санкт-Петербург,маркетплейс,Чай,Улун 100 г,540,6
10929,2025-08-06,C122,Екатеринбург,приложение,Чай,Улун 100 г,540,1
10930,2025-08-08,C176,Санкт-Петербург,сайт,Кофе,Бразилия 1 кг,1290,1
10930,2025-08-08,C176,Санкт-Петербург,сайт,Кофе,Эспрессо-смесь 1 кг,1450,1
10931,2025-08-09,C233,Санкт-Петербург,маркетплейс,Чай,Травяной сбор 50 г,260,3
10932,2025-08-09,C137,Санкт-Петербург,маркетплейс,Чай,Зелёный чай 100 г,390,5
10932,2025-08-09,C137,Санкт-Петербург,маркетплейс,Кофе,Эспрессо-смесь 1 кг,1450,5
10933,2025-08-09,C079,Санкт-Петербург,приложение,Кофе,Бразилия 1 кг,1290,1
10934,2025-08-10,C205,Санкт-Петербург,сайт,Кофе,Кофе без кофеина 250 г,720,1
10935,2025-08-10,C140,Санкт-Петербург,сайт,Кофе,Эспрессо-смесь 1 кг,1450,6
10936,2025-08-10,C235,Москва,приложение,Сладости,Миндаль в шоколаде,320,2
10936,2025-08-10,C235,Москва,приложение,Сладости,Печенье овсяное,150,1
10937,2025-08-10,C033,Казань,маркетплейс,Сладости,Зефир,210,2
10937,2025-08-10,C033,Казань,маркетплейс,Сладости,Печенье овсяное,150,2
10938,2025-08-10,C074,Казань,сайт,Кофе,Колумбия 250 г,690,3
10938,2025-08-10,C074,Казань,сайт,Кофе,Кофе без кофеина 250 г,720,2
10939,2025-08-11,C031,Москва,сайт,Сладости,Миндаль в шоколаде,320,4
10940,2025-08-11,C216,Москва,маркетплейс,Сладости,Шоколад горький,180,1
10941,2025-08-11,C171,Москва,приложение,Посуда,Кружка 350 мл,590,1
10941,2025-08-11,C171,Москва,приложение,Посуда,Френч-пресс,1890,1
10941,2025-08-11,C171,Москва,приложение,Кофе,Эфиопия 250 г,790,1
10942,2025-08-11,C164,Москва,маркетплейс,Чай,Улун 100 г,540,2
10943,2025-08-11,C151,Москва,приложение,Чай,Чёрный чай 100 г,350,5
10944,2025-08-12,C111,Москва,сайт,Чай,Травяной сбор 50 г,260,2
10945,2025-08-12,C015,Екатеринбург,сайт,Кофе,Кофе без кофеина 250 г,720,3
10945,2025-08-12,C015,Екатеринбург,сайт,Сладости,Зефир,210,1
10946,2025-08-12,C187,Москва,сайт,Кофе,Колумбия 250 г,690,2
10947,2025-08-14,C151,Москва,сайт,Посуда,Кружка 350 мл,590,2
10947,2025-08-14,C151,Москва,сайт,Аксессуары,Фильтры бумажные,240,1
10948,2025-08-15,C041,Санкт-Петербург,сайт,Кофе,Бразилия 1 кг,1290,1
10949,2025-08-15,C134,Москва,сайт,Кофе,Колумбия 250 г,690,8
10949,2025-08-15,C134,Москва,сайт,Чай,Травяной сбор 50 г,260,4
10950,2025-08-16,C123,Москва,сайт,Посуда,Кружка 350 мл,590,1
10950,2025-08-16,C123,Москва,сайт,Кофе,Эспрессо-смесь 1 кг,1450,1
10951,2025-08-16,C234,Санкт-Петербург,приложение,Чай,Чёрный чай 100 г,350,2
10951,2025-08-16,C234,Санкт-Петербург,приложение,Кофе,Эфиопия 250 г,790,1
10952,2025-08-16,C064,Москва,маркетплейс,Чай,Улун 100 г,540,2
10952,2025-08-16,C064,Москва,маркетплейс,Кофе,Колумбия 250 г,690,3
10953,2025-08-16,C068,Москва,маркетплейс,Кофе,Кофе без кофеина 250 г,720,3
10953,2025-08-16,C068,Москва,маркетплейс,Кофе,Эфиопия 250 г,790,1
10954,2025-08-16,C135,Санкт-Петербург,приложение,Чай,Улун 100 г,540,2
10955,2025-08-17,C164,Москва,сайт,Чай,Зелёный чай 100 г,390,3
10956,2025-08-17,C021,Москва,маркетплейс,Кофе,Бразилия 1 кг,1290,2
10957,2025-08-17,C224,Москва,приложение,Кофе,Эфиопия 250 г,790,9
10958,2025-08-17,C195,Москва,сайт,Чай,Улун 100 г,540,1
10958,2025-08-17,C195,Москва,сайт,Чай,Чёрный чай 100 г,350,4
10959,2025-08-17,C053,Санкт-Петербург,приложение,Кофе,Эфиопия 250 г,790,1
10960,2025-08-17,C075,Санкт-Петербург,сайт,Чай,Улун 100 г,540,7
10960,2025-08-17,C075,Санкт-Петербург,сайт,Сладости,Зефир,210,3
10960,2025-08-17,C075,Санкт-Петербург,сайт,Чай,Зелёный чай 100 г,390,6
10961,2025-08-19,C014,Москва,сайт,Чай,Улун 100 г,540,2
10962,2025-08-19,C038,Санкт-Петербург,маркетплейс,Кофе,Бразилия 1 кг,1290,1
10963,2025-08-20,C024,Санкт-Петербург,сайт,Сладости,Печенье овсяное,150,4
10963,2025-08-20,C024,Санкт-Петербург,сайт,Кофе,Колумбия 250 г,690,7
10964,2025-08-20,C127,Казань,сайт,Чай,Чёрный чай 100 г,350,2
10964,2025-08-20,C127,Казань,сайт,Чай,Зелёный чай 100 г,390,2
10965,2025-08-20,C122,Екатеринбург,сайт,Кофе,Бразилия 1 кг,1290,1
10966,2025-08-21,C134,Москва,маркетплейс,Посуда,Кружка 350 мл,590,2
10967,2025-08-21,C052,Москва,сайт,Чай,Чёрный чай 100 г,350,2
10967,2025-08-21,C052,Москва,сайт,Кофе,Колумбия 250 г,690,2
10968,2025-08-21,C200,Москва,сайт,Кофе,Колумбия 250 г,690,1
10968,2025-08-21,C200,Москва,сайт,Аксессуары,Фильтры бумажные,240,1
10969,2025-08-22,C087,Казань,сайт,Сладости,Миндаль в шоколаде,320,1
10970,2025-08-22,C146,Санкт-Петербург,сайт,Посуда,Френч-пресс,1890,2
10970,2025-08-22,C146,Санкт-Петербург,сайт,Кофе,Бразилия 1 кг,1290,1
10970,2025-08-22,C146,Санкт-Петербург,сайт,Кофе,Кофе без кофеина 250 г,720,1
10971,2025-08-22,C132,Москва,сайт,Сладости,Миндаль в шоколаде,320,2
10971,2025-08-22,C132,Москва,сайт,Посуда,Кружка 350 мл,590,2
10972,2025-08-22,C209,Москва,сайт,Чай,Зелёный чай 100 г,390,2
10973,2025-08-22,C142,Екатеринбург,сайт,Сладости,Печенье овсяное,150,2
10974,2025-08-23,C009,Екатеринбург,сайт,Кофе,Эспрессо-смесь 1 кг,1450,1
10975,2025-08-23,C006,Москва,приложение,Сладости,Шоколад горький,180,2
10976,2025-08-23,C167,Москва,приложение,Чай,Улун 100 г,540,1
10976,2025-08-23,C167,Москва,приложение,Чай,Травяной сбор 50 г,260,1
10977,2025-08-24,C221,Екатеринбург,приложение,Аксессуары,Термокружка,1150,1
10977,2025-08-24,C221,Екатеринбург,приложение,Кофе,Эфиопия 250 г,790,1
10978,2025-08-24,C176,Санкт-Петербург,маркетплейс,Чай,Травяной сбор 50 г,260,1
10979,2025-08-25,C164,Москва,сайт,Кофе,Эспрессо-смесь 1 кг,1450,1
10979,2025-08-25,C164,Москва,сайт,Посуда,Турка медная,2400,1
10980,2025-08-25,C128,Москва,маркетплейс,Кофе,Кофе без кофеина 250 г,720,3
10981,2025-08-26,C118,Москва,сайт,Кофе,Эспрессо-смесь 1 кг,1450,2
10981,2025-08-26,C118,Москва,сайт,Посуда,Френч-пресс,1890,1
10982,2025-08-26,C196,Казань,приложение,Сладости,Печенье овсяное,150,1
10983,2025-08-26,C069,Казань,сайт,Кофе,Кофе без кофеина 250 г,720,4
10983,2025-08-26,C069,Казань,сайт,Кофе,Колумбия 250 г,690,1
10983,2025-08-26,C069,Казань,сайт,Посуда,Френч-пресс,1890,1
10984,2025-08-26,C092,Казань,сайт,Кофе,Кофе без кофеина 250 г,720,2
10984,2025-08-26,C092,Казань,сайт,Чай,Травяной сбор 50 г,260,2
10985,2025-08-27,C059,Москва,маркетплейс,Чай,Зелёный чай 100 г,390,1
10985,2025-08-27,C059,Москва,маркетплейс,Чай,Улун 100 г,540,2
10986,2025-08-27,C107,Новосибирск,приложение,Посуда,Кружка 350 мл,590,2
10987,2025-08-27,C151,Москва,маркетплейс,Сладости,Миндаль в шоколаде,320,5
10988,2025-08-27,C114,Санкт-Петербург,маркетплейс,Кофе,Кофе без кофеина 250 г,720,2
10988,2025-08-27,C114,Санкт-Петербург,маркетплейс,Кофе,Эфиопия 250 г,790,2
10989,2025-08-28,C190,Новосибирск,маркетплейс,Чай,Улун 100 г,540,1
10990,2025-08-28,C215,Москва,сайт,Кофе,Эфиопия 250 г,790,2
10991,2025-08-29,C030,Новосибирск,сайт,Сладости,Шоколад горький,180,2
10991,2025-08-29,C030,Новосибирск,сайт,Чай,Улун 100 г,540,3
10992,2025-08-29,C138,Екатеринбург,маркетплейс,Кофе,Колумбия 250 г,690,2
10993,2025-08-30,C137,Санкт-Петербург,приложение,Кофе,Кофе без кофеина 250 г,720,7
10993,2025-08-30,C137,Санкт-Петербург,приложение,Кофе,Бразилия 1 кг,1290,6
10994,2025-08-30,C118,Москва,приложение,Кофе,Эспрессо-смесь 1 кг,1450,1
10994,2025-08-30,C118,Москва,приложение,Чай,Чёрный чай 100 г,350,1
10995,2025-08-30,C221,Екатеринбург,приложение,Чай,Улун 100 г,540,4
10995,2025-08-30,C221,Екатеринбург,приложение,Кофе,Колумбия 250 г,690,1
10996,2025-08-30,C139,Екатеринбург,приложение,Кофе,Эфиопия 250 г,790,1
10996,2025-08-30,C139,Екатеринбург,приложение,Кофе,Эспрессо-смесь 1 кг,1450,1
10997,2025-08-30,C102,Казань,сайт,Чай,Зелёный чай 100 г,390,1
10998,2025-08-31,C158,Казань,маркетплейс,Посуда,Чайник заварочный,1350,1
10999,2025-08-31,C122,Екатеринбург,сайт,Кофе,Бразилия 1 кг,1290,2
10999,2025-08-31,C122,Екатеринбург,сайт,Кофе,Эфиопия 250 г,790,1
11000,2025-08-31,C169,Казань,сайт,Кофе,Эспрессо-смесь 1 кг,1450,1
11000,2025-08-31,C169,Казань,сайт,Кофе,Колумбия 250 г,690,3
11001,2025-08-31,C161,Санкт-Петербург,приложение,Чай,Травяной сбор 50 г,260,5
11001,2025-08-31,C161,Санкт-Петербург,приложение,Чай,Чёрный чай 100 г,350,6
11002,2025-08-31,C019,Москва,приложение,Кофе,Эфиопия 250 г,790,4
11002,2025-08-31,C019,Москва,приложение,Кофе,Колумбия 250 г,690,1
11003,2025-08-31,C221,Екатеринбург,сайт,Чай,Зелёный чай 100 г,390,2
11003,2025-08-31,C221,Екатеринбург,сайт,Сладости,Шоколад горький,180,1
11004,2025-09-01,C069,Казань,маркетплейс,Кофе,Бразилия 1 кг,1290,1
11004,2025-09-01,C069,Казань,маркетплейс,Посуда,Френч-пресс,1890,1
11005,2025-09-01,C017,Екатеринбург,приложение,Кофе,Эфиопия 250 г,790,2
11006,2025-09-01,C226,Москва,маркетплейс,Чай,Зелёный чай 100 г,390,3
11006,2025-09-01,C226,Москва,маркетплейс,Сладости,Зефир,210,2
11007,2025-09-01,C001,Екатеринбург,маркетплейс,Сладости,Миндаль в шоколаде,320,1
11007,2025-09-01,C001,Екатеринбург,маркетплейс,Чай,Травяной сбор 50 г,260,2
11008,2025-09-02,C051,Санкт-Петербург,сайт,Сладости,Печенье овсяное,150,2
11008,2025-09-02,C051,Санкт-Петербург,сайт,Аксессуары,Фильтры бумажные,240,1
11009,2025-09-02,C208,Санкт-Петербург,приложение,Чай,Улун 100 г,540,2
11009,2025-09-02,C208,Санкт-Петербург,приложение,Аксессуары,Термокружка,1150,1
11010,2025-09-02,C107,Новосибирск,сайт,Чай,Травяной сбор 50 г,260,1
11011,2025-09-02,C149,Москва,сайт,Кофе,Бразилия 1 кг,1290,2
11011,2025-09-02,C149,Москва,сайт,Чай,Чёрный чай 100 г,350,5
11012,2025-09-03,C220,Москва,приложение,Кофе,Эспрессо-смесь 1 кг,1450,1
11012,2025-09-03,C220,Москва,приложение,Кофе,Кофе без кофеина 250 г,720,1
11013,2025-09-03,C076,Казань,приложение,Кофе,Колумбия 250 г,690,7
11013,2025-09-03,C076,Казань,приложение,Кофе,Эспрессо-смесь 1 кг,1450,5
11013,2025-09-03,C076,Казань,приложение,Сладости,Шоколад горький,180,1
11014,2025-09-03,C119,Новосибирск,маркетплейс,Сладости,Миндаль в шоколаде,320,1
11014,2025-09-03,C119,Новосибирск,маркетплейс,Кофе,Колумбия 250 г,690,1
11015,2025-09-03,C023,Новосибирск,сайт,Чай,Травяной сбор 50 г,260,2
11015,2025-09-03,C023,Новосибирск,сайт,Кофе,Кофе без кофеина 250 г,720,1
11016,2025-09-03,C085,Санкт-Петербург,маркетплейс,Кофе,Кофе без кофеина 250 г,720,1
11016,2025-09-03,C085,Санкт-Петербург,маркетплейс,Кофе,Эфиопия 250 г,790,2
11017,2025-09-04,C115,Казань,маркетплейс,Чай,Улун 100 г,540,1
11017,2025-09-04,C115,Казань,маркетплейс,Посуда,Чайник заварочный,1350,1
11018,2025-09-04,C181,Москва,маркетплейс,Чай,Улун 100 г,540,2
11018,2025-09-04,C181,Москва,маркетплейс,Кофе,Кофе без кофеина 250 г,720,2
11019,2025-09-04,C043,Екатеринбург,сайт,Кофе,Колумбия 250 г,690,1
11019,2025-09-04,C043,Екатеринбург,сайт,Кофе,Бразилия 1 кг,1290,2
11019,2025-09-04,C043,Екатеринбург,сайт,Кофе,Кофе без кофеина 250 г,720,2
11020,2025-09-05,C117,Москва,сайт,Кофе,Эфиопия 250 г,790,2
11020,2025-09-05,C117,Москва,сайт,Кофе,Эспрессо-смесь 1 кг,1450,1
11021,2025-09-05,C147,Москва,сайт,Кофе,Бразилия 1 кг,1290,1
11021,2025-09-05,C147,Москва,сайт,Посуда,Чайник заварочный,1350,1
11021,2025-09-05,C147,Москва,сайт,Кофе,Колумбия 250 г,690,3
11022,2025-09-05,C124,Санкт-Петербург,сайт,Кофе,Колумбия 250 г,690,7
11023,2025-09-05,C109,Москва,сайт,Кофе,Кофе без кофеина 250 г,720,6
11024,2025-09-05,C128,Москва,приложение,Аксессуары,Термокружка,1150,1
11024,2025-09-05,C128,Москва,приложение,Чай,Улун 100 г,540,3
11025,2025-09-07,C079,Санкт-Петербург,сайт,Аксессуары,Фильтры бумажные,240,2
11025,2025-09-07,C079,Санкт-Петербург,сайт,Сладости,Зефир,210,2
11026,2025-09-07,C220,Москва,приложение,Кофе,Бразилия 1 кг,1290,1
11027,2025-09-07,C216,Москва,сайт,Кофе,Колумбия 250 г,690,6
11028,2025-09-07,C209,Москва,сайт,Чай,Травяной сбор 50 г,260,2
11029,2025-09-07,C147,Москва,приложение,Чай,Травяной сбор 50 г,260,1
11030,2025-09-08,C013,Новосибирск,сайт,Сладости,Миндаль в шоколаде,320,2
11030,2025-09-08,C013,Новосибирск,сайт,Чай,Зелёный чай 100 г,390,2
11031,2025-09-08,C235,Москва,сайт,Кофе,Бразилия 1 кг,1290,1
11032,2025-09-08,C121,Новосибирск,приложение,Кофе,Эспрессо-смесь 1 кг,1450,1
11033,2025-09-09,C024,Санкт-Петербург,приложение,Кофе,Эспрессо-смесь 1 кг,1450,4
11034,2025-09-09,C170,Москва,приложение,Кофе,Бразилия 1 кг,1290,2
11035,2025-09-09,C132,Москва,маркетплейс,Кофе,Бразилия 1 кг,1290,1
11036,2025-09-10,C135,Санкт-Петербург,приложение,Посуда,Турка медная,2400,1
11036,2025-09-10,C135,Санкт-Петербург,приложение,Кофе,Колумбия 250 г,690,1
11037,2025-09-10,C068,Москва,приложение,Чай,Травяной сбор 50 г,260,2
11037,2025-09-10,C068,Москва,приложение,Сладости,Зефир,210,1
11037,2025-09-10,C068,Москва,приложение,Кофе,Бразилия 1 кг,1290,1
11038,2025-09-10,C146,Санкт-Петербург,сайт,Сладости,Миндаль в шоколаде,320,1
11038,2025-09-10,C146,Санкт-Петербург,сайт,Чай,Зелёный чай 100 г,390,5
11039,2025-09-11,C140,Санкт-Петербург,приложение,Кофе,Кофе без кофеина 250 г,720,6
11039,2025-09-11,C140,Санкт-Петербург,приложение,Сладости,Печенье овсяное,150,1
11040,2025-09-11,C026,Москва,сайт,Чай,Травяной сбор 50 г,260,3
11040,2025-09-11,C026,Москва,сайт,Кофе,Эспрессо-смесь 1 кг,1450,1
11041,2025-09-12,C198,Москва,сайт,Кофе,Колумбия 250 г,690,1
11041,2025-09-12,C198,Москва,сайт,Чай,Травяной сбор 50 г,260,2
11042,2025-09-12,C029,Москва,приложение,Кофе,Эспрессо-смесь 1 кг,1450,1
11043,2025-09-12,C078,Казань,сайт,Кофе,Бразилия 1 кг,1290,2
11043,2025-09-12,C078,Казань,сайт,Чай,Улун 100 г,540,1
11044,2025-09-13,C002,Екатеринбург,сайт,Чай,Зелёный чай 100 г,390,1
11044,2025-09-13,C002,Екатеринбург,сайт,Чай,Травяной сбор 50 г,260,2
11045,2025-09-13,C121,Новосибирск,маркетплейс,Кофе,Бразилия 1 кг,1290,1
11045,2025-09-13,C121,Новосибирск,маркетплейс,Кофе,Эфиопия 250 г,790,3
11045,2025-09-13,C121,Новосибирск,маркетплейс,Кофе,Кофе без кофеина 250 г,720,1
11046,2025-09-13,C217,Екатеринбург,сайт,Чай,Зелёный чай 100 г,390,3
11047,2025-09-14,C079,Санкт-Петербург,маркетплейс,Кофе,Колумбия 250 г,690,3
11047,2025-09-14,C079,Санкт-Петербург,маркетплейс,Сладости,Шоколад горький,180,2
11047,2025-09-14,C079,Санкт-Петербург,маркетплейс,Аксессуары,Кофемолка ручная,3200,1
11048,2025-09-14,C102,Казань,маркетплейс,Кофе,Колумбия 250 г,690,1
11049,2025-09-14,C030,Новосибирск,сайт,Чай,Зелёный чай 100 г,390,1
11050,2025-09-14,C099,Екатеринбург,приложение,Сладости,Миндаль в шоколаде,320,4
11050,2025-09-14,C099,Екатеринбург,приложение,Сладости,Печенье овсяное,150,1
11051,2025-09-14,C153,Санкт-Петербург,приложение,Сладости,Шоколад горький,180,1
11052,2025-09-15,C083,Москва,маркетплейс,Кофе,Бразилия 1 кг,1290,5
11053,2025-09-16,C128,Москва,сайт,Чай,Чёрный чай 100 г,350,1
11053,2025-09-16,C128,Москва,сайт,Чай,Зелёный чай 100 г,390,4
11054,2025-09-16,C122,Екатеринбург,сайт,Чай,Чёрный чай 100 г,350,3
11054,2025-09-16,C122,Екатеринбург,сайт,Сладости,Миндаль в шоколаде,320,8
11055,2025-09-16,C100,Екатеринбург,сайт,Кофе,Бразилия 1 кг,1290,2
11055,2025-09-16,C100,Екатеринбург,сайт,Аксессуары,Термокружка,1150,1
11056,2025-09-16,C208,Санкт-Петербург,сайт,Кофе,Колумбия 250 г,690,1
11057,2025-09-17,C192,Новосибирск,сайт,Сладости,Печенье овсяное,150,2
11057,2025-09-17,C192,Новосибирск,сайт,Кофе,Кофе без кофеина 250 г,720,2
11058,2025-09-17,C076,Казань,приложение,Чай,Улун 100 г,540,4
11058,2025-09-17,C076,Казань,приложение,Посуда,Кружка 350 мл,590,1
11059,2025-09-17,C138,Екатеринбург,маркетплейс,Аксессуары,Фильтры бумажные,240,3
11060,2025-09-17,C170,Москва,маркетплейс,Сладости,Миндаль в шоколаде,320,1
11061,2025-09-17,C097,Санкт-Петербург,сайт,Сладости,Шоколад горький,180,1
11061,2025-09-17,C097,Санкт-Петербург,сайт,Сладости,Миндаль в шоколаде,320,1
11061,2025-09-17,C097,Санкт-Петербург,сайт,Сладости,Печенье овсяное,150,2
11062,2025-09-17,C138,Екатеринбург,сайт,Сладости,Печенье овсяное,150,2
11062,2025-09-17,C138,Екатеринбург,сайт,Чай,Улун 100 г,540,2
11063,2025-09-17,C120,Санкт-Петербург,приложение,Сладости,Зефир,210,2
11063,2025-09-17,C120,Санкт-Петербург,приложение,Чай,Травяной сбор 50 г,260,1
11064,2025-09-18,C111,Москва,приложение,Чай,Чёрный чай 100 г,350,3
11065,2025-09-18,C116,Екатеринбург,сайт,Кофе,Эспрессо-смесь 1 кг,1450,1
11066,2025-09-18,C211,Казань,сайт,Сладости,Зефир,210,1
11067,2025-09-18,C095,Москва,сайт,Кофе,Эфиопия 250 г,790,1
11067,2025-09-18,C095,Москва,сайт,Кофе,Колумбия 250 г,690,2
11068,2025-09-18,C097,Санкт-Петербург,сайт,Сладости,Миндаль в шоколаде,320,1
11069,2025-09-19,C171,Москва,сайт,Сладости,Миндаль в шоколаде,320,2
11070,2025-09-19,C151,Москва,сайт,Кофе,Бразилия 1 кг,1290,4
11071,2025-09-19,C061,Казань,приложение,Чай,Улун 100 г,540,1
11071,2025-09-19,C061,Казань,приложение,Кофе,Кофе без кофеина 250 г,720,2
11072,2025-09-20,C134,Москва,сайт,Посуда,Чайник заварочный,1350,1
11072,2025-09-20,C134,Москва,сайт,Кофе,Бразилия 1 кг,1290,5
11073,2025-09-20,C087,Казань,приложение,Кофе,Колумбия 250 г,690,2
11073,2025-09-20,C087,Казань,приложение,Чай,Зелёный чай 100 г,390,1
11074,2025-09-20,C226,Москва,приложение,Чай,Чёрный чай 100 г,350,3
11074,2025-09-20,C226,Москва,приложение,Аксессуары,Термокружка,1150,1
11075,2025-09-20,C047,Казань,сайт,Сладости,Печенье овсяное,150,1
11075,2025-09-20,C047,Казань,сайт,Кофе,Эфиопия 250 г,790,2
11076,2025-09-21,C149,Москва,приложение,Сладости,Миндаль в шоколаде,320,3
11077,2025-09-21,C126,Екатеринбург,приложение,Посуда,Чайник заварочный,1350,2
11078,2025-09-21,C207,Санкт-Петербург,сайт,Посуда,Френч-пресс,1890,2
11079,2025-09-21,C021,Москва,маркетплейс,Сладости,Миндаль в шоколаде,320,2
11080,2025-09-21,C111,Москва,приложение,Сладости,Зефир,210,1
11080,2025-09-21,C111,Москва,приложение,Чай,Зелёный чай 100 г,390,2
11080,2025-09-21,C111,Москва,приложение,Кофе,Эфиопия 250 г,790,3
11081,2025-09-22,C041,Санкт-Петербург,приложение,Чай,Чёрный чай 100 г,350,1
11082,2025-09-23,C180,Казань,маркетплейс,Чай,Чёрный чай 100 г,350,1
11083,2025-09-23,C151,Москва,маркетплейс,Кофе,Колумбия 250 г,690,5
11084,2025-09-24,C102,Казань,приложение,Кофе,Эспрессо-смесь 1 кг,1450,1
11084,2025-09-24,C102,Казань,приложение,Сладости,Зефир,210,2
11085,2025-09-24,C001,Екатеринбург,сайт,Чай,Зелёный чай 100 г,390,1
11086,2025-09-24,C190,Новосибирск,приложение,Посуда,Чайник заварочный,1350,1
11087,2025-09-24,C151,Москва,приложение,Кофе,Колумбия 250 г,690,8
11088,2025-09-24,C181,Москва,сайт,Посуда,Кружка 350 мл,590,2
11089,2025-09-24,C038,Санкт-Петербург,сайт,Чай,Зелёный чай 100 г,390,2
11090,2025-09-25,C220,Москва,маркетплейс,Чай,Зелёный чай 100 г,390,3
11090,2025-09-25,C220,Москва,маркетплейс,Кофе,Кофе без кофеина 250 г,720,2
11091,2025-09-25,C041,Санкт-Петербург,приложение,Чай,Травяной сбор 50 г,260,2
11091,2025-09-25,C041,Санкт-Петербург,приложение,Кофе,Кофе без кофеина 250 г,720,5
11092,2025-09-25,C091,Москва,приложение,Кофе,Эфиопия 250 г,790,2
11093,2025-09-26,C175,Москва,приложение,Аксессуары,Фильтры бумажные,240,3
11093,2025-09-26,C175,Москва,приложение,Кофе,Эфиопия 250 г,790,5
11094,2025-09-26,C041,Санкт-Петербург,сайт,Кофе,Колумбия 250 г,690,1
11094,2025-09-26,C041,Санкт-Петербург,сайт,Кофе,Эспрессо-смесь 1 кг,1450,1
11094,2025-09-26,C041,Санкт-Петербург,сайт,Чай,Чёрный чай 100 г,350,2
11095,2025-09-26,C041,Санкт-Петербург,сайт,Кофе,Колумбия 250 г,690,1
11095,2025-09-26,C041,Санкт-Петербург,сайт,Кофе,Эфиопия 250 г,790,2
11096,2025-09-26,C117,Москва,приложение,Сладости,Шоколад горький,180,3
11097,2025-09-27,C059,Москва,приложение,Сладости,Зефир,210,3
11097,2025-09-27,C059,Москва,приложение,Кофе,Бразилия 1 кг,1290,1
11097,2025-09-27,C059,Москва,приложение,Кофе,Кофе без кофеина 250 г,720,1
11098,2025-09-27,C170,Москва,приложение,Сладости,Зефир,210,3
11099,2025-09-27,C068,Москва,маркетплейс,Кофе,Эспрессо-смесь 1 кг,1450,1
11100,2025-09-28,C237,Казань,приложение,Чай,Чёрный чай 100 г,350,2
11100,2025-09-28,C237,Казань,приложение,Чай,Улун 100 г,540,2
11101,2025-09-28,C017,Екатеринбург,приложение,Кофе,Кофе без кофеина 250 г,720,3
11101,2025-09-28,C017,Екатеринбург,приложение,Кофе,Колумбия 250 г,690,1
11102,2025-09-28,C158,Казань,приложение,Сладости,Миндаль в шоколаде,320,1
11102,2025-09-28,C158,Казань,приложение,Кофе,Эспрессо-смесь 1 кг,1450,2
11102,2025-09-28,C158,Казань,приложение,Кофе,Бразилия 1 кг,1290,1
11103,2025-09-28,C197,Москва,сайт,Посуда,Кружка 350 мл,590,2
11104,2025-09-28,C214,Москва,приложение,Сладости,Печенье овсяное,150,3
11105,2025-09-29,C134,Москва,приложение,Чай,Травяной сбор 50 г,260,6
11106,2025-09-29,C121,Новосибирск,маркетплейс,Кофе,Эспрессо-смесь 1 кг,1450,1
11107,2025-09-29,C092,Казань,сайт,Кофе,Эфиопия 250 г,790,2
11108,2025-09-29,C183,Санкт-Петербург,приложение,Кофе,Бразилия 1 кг,1290,1
11108,2025-09-29,C183,Санкт-Петербург,приложение,Кофе,Эспрессо-смесь 1 кг,1450,1
11109,2025-09-29,C017,Екатеринбург,приложение,Кофе,Колумбия 250 г,690,3
11110,2025-09-29,C070,Москва,маркетплейс,Сладости,Миндаль в шоколаде,320,2
11110,2025-09-29,C070,Москва,маркетплейс,Кофе,Бразилия 1 кг,1290,1
11111,2025-09-30,C128,Москва,приложение,Чай,Травяной сбор 50 г,260,1
11112,2025-09-30,C047,Казань,сайт,Кофе,Колумбия 250 г,690,2
11113,2025-09-30,C226,Москва,приложение,Кофе,Бразилия 1 кг,1290,1
11113,2025-09-30,C226,Москва,приложение,Кофе,Эспрессо-смесь 1 кг,1450,1
11114,2025-09-30,C205,Санкт-Петербург,приложение,Кофе,Кофе без кофеина 250 г,720,2
11114,2025-09-30,C205,Санкт-Петербург,приложение,Кофе,Колумбия 250 г,690,1
11115,2025-09-30,C181,Москва,сайт,Кофе,Колумбия 250 г,690,1
11115,2025-09-30,C181,Москва,сайт,Чай,Травяной сбор 50 г,260,2
11116,2025-09-30,C122,Екатеринбург,приложение,Кофе,Кофе без кофеина 250 г,720,1
11117,2025-09-30,C176,Санкт-Петербург,сайт,Кофе,Эфиопия 250 г,790,1
11117,2025-09-30,C176,Санкт-Петербург,сайт,Кофе,Кофе без кофеина 250 г,720,1
11118,2025-09-30,C081,Москва,сайт,Чай,Травяной сбор 50 г,260,2
11118,2025-09-30,C081,Москва,сайт,Кофе,Бразилия 1 кг,1290,1
11119,2025-10-01,C167,Москва,сайт,Кофе,Кофе без кофеина 250 г,720,4
11119,2025-10-01,C167,Москва,сайт,Сладости,Миндаль в шоколаде,320,1
11120,2025-10-01,C171,Москва,приложение,Сладости,Зефир,210,1
11121,2025-10-01,C134,Москва,маркетплейс,Кофе,Эфиопия 250 г,790,4
11122,2025-10-02,C203,Казань,сайт,Сладости,Шоколад горький,180,2
11123,2025-10-02,C090,Новосибирск,сайт,Кофе,Эфиопия 250 г,790,5
11123,2025-10-02,C090,Новосибирск,сайт,Чай,Улун 100 г,540,7
11124,2025-10-02,C122,Екатеринбург,приложение,Сладости,Печенье овсяное,150,3
11125,2025-10-02,C118,Москва,приложение,Аксессуары,Термокружка,1150,1
11126,2025-10-03,C117,Москва,маркетплейс,Кофе,Эфиопия 250 г,790,1
11126,2025-10-03,C117,Москва,маркетплейс,Чай,Травяной сбор 50 г,260,1
11126,2025-10-03,C117,Москва,маркетплейс,Кофе,Кофе без кофеина 250 г,720,2
11127,2025-10-04,C010,Москва,сайт,Кофе,Кофе без кофеина 250 г,720,3
11127,2025-10-04,C010,Москва,сайт,Сладости,Миндаль в шоколаде,320,3
11128,2025-10-04,C192,Новосибирск,маркетплейс,Кофе,Эспрессо-смесь 1 кг,1450,1
11128,2025-10-04,C192,Новосибирск,маркетплейс,Чай,Чёрный чай 100 г,350,1
11128,2025-10-04,C192,Новосибирск,маркетплейс,Сладости,Шоколад горький,180,1
11129,2025-10-04,C221,Екатеринбург,сайт,Кофе,Бразилия 1 кг,1290,1
11129,2025-10-04,C221,Екатеринбург,сайт,Чай,Улун 100 г,540,3
11130,2025-10-05,C234,Санкт-Петербург,маркетплейс,Чай,Улун 100 г,540,3
11130,2025-10-05,C234,Санкт-Петербург,маркетплейс,Посуда,Турка медная,2400,1
11130,2025-10-05,C234,Санкт-Петербург,маркетплейс,Чай,Чёрный чай 100 г,350,2
11131,2025-10-05,C164,Москва,маркетплейс,Кофе,Эфиопия 250 г,790,2
11131,2025-10-05,C164,Москва,маркетплейс,Кофе,Кофе без кофеина 250 г,720,3
11132,2025-10-05,C189,Санкт-Петербург,сайт,Чай,Чёрный чай 100 г,350,3
11133,2025-10-05,C134,Москва,приложение,Сладости,Зефир,210,6
11133,2025-10-05,C134,Москва,приложение,Кофе,Кофе без кофеина 250 г,720,4
11134,2025-10-05,C006,Москва,приложение,Аксессуары,Кофемолка ручная,3200,1
11135,2025-10-05,C023,Новосибирск,сайт,Чай,Зелёный чай 100 г,390,2
11136,2025-10-06,C215,Москва,сайт,Сладости,Зефир,210,2
11136,2025-10-06,C215,Москва,сайт,Кофе,Бразилия 1 кг,1290,3
11137,2025-10-06,C178,Санкт-Петербург,сайт,Посуда,Кружка 350 мл,590,1
11138,2025-10-06,C138,Екатеринбург,сайт,Кофе,Эфиопия 250 г,790,2
11138,2025-10-06,C138,Екатеринбург,сайт,Кофе,Колумбия 250 г,690,1
11139,2025-10-07,C221,Екатеринбург,сайт,Посуда,Турка медная,2400,3
11139,2025-10-07,C221,Екатеринбург,сайт,Кофе,Кофе без кофеина 250 г,720,2
11140,2025-10-07,C167,Москва,сайт,Кофе,Эфиопия 250 г,790,2
11141,2025-10-07,C052,Москва,сайт,Чай,Улун 100 г,540,1
11141,2025-10-07,C052,Москва,сайт,Чай,Зелёный чай 100 г,390,1
11141,2025-10-07,C052,Москва,сайт,Кофе,Эфиопия 250 г,790,1
11142,2025-10-07,C204,Москва,приложение,Сладости,Шоколад горький,180,3
11142,2025-10-07,C204,Москва,приложение,Чай,Зелёный чай 100 г,390,1
11143,2025-10-07,C208,Санкт-Петербург,сайт,Сладости,Зефир,210,1
11144,2025-10-07,C076,Казань,маркетплейс,Чай,Чёрный чай 100 г,350,6
11145,2025-10-08,C139,Екатеринбург,сайт,Кофе,Колумбия 250 г,690,3
11145,2025-10-08,C139,Екатеринбург,сайт,Чай,Чёрный чай 100 г,350,1
11146,2025-10-08,C047,Казань,сайт,Сладости,Зефир,210,3
11146,2025-10-08,C047,Казань,сайт,Кофе,Кофе без кофеина 250 г,720,3
11146,2025-10-08,C047,Казань,сайт,Кофе,Колумбия 250 г,690,3
11147,2025-10-08,C079,Санкт-Петербург,приложение,Сладости,Шоколад горький,180,2
11148,2025-10-09,C091,Москва,сайт,Кофе,Эфиопия 250 г,790,3
11148,2025-10-09,C091,Москва,сайт,Посуда,Френч-пресс,1890,1
11149,2025-10-09,C149,Москва,маркетплейс,Чай,Травяной сбор 50 г,260,2
11150,2025-10-09,C143,Москва,приложение,Кофе,Эспрессо-смесь 1 кг,1450,1
11150,2025-10-09,C143,Москва,приложение,Посуда,Чайник заварочный,1350,1
11150,2025-10-09,C143,Москва,приложение,Кофе,Колумбия 250 г,690,1
11151,2025-10-09,C079,Санкт-Петербург,приложение,Сладости,Миндаль в шоколаде,320,3
11152,2025-10-10,C024,Санкт-Петербург,сайт,Сладости,Зефир,210,1
11153,2025-10-10,C153,Санкт-Петербург,сайт,Кофе,Колумбия 250 г,690,1
11153,2025-10-10,C153,Санкт-Петербург,сайт,Кофе,Кофе без кофеина 250 г,720,2
11154,2025-10-10,C138,Екатеринбург,сайт,Сладости,Печенье овсяное,150,3
11154,2025-10-10,C138,Екатеринбург,сайт,Чай,Чёрный чай 100 г,350,1
11155,2025-10-10,C068,Москва,сайт,Кофе,Бразилия 1 кг,1290,2
11155,2025-10-10,C068,Москва,сайт,Чай,Улун 100 г,540,2
11156,2025-10-11,C180,Казань,приложение,Посуда,Чайник заварочный,1350,2
11157,2025-10-11,C067,Москва,приложение,Посуда,Кружка 350 мл,590,3
11158,2025-10-11,C227,Москва,сайт,Аксессуары,Кофемолка ручная,3200,1
11159,2025-10-11,C171,Москва,маркетплейс,Кофе,Эфиопия 250 г,790,3
11159,2025-10-11,C171,Москва,маркетплейс,Кофе,Кофе без кофеина 250 г,720,2
11160,2025-10-11,C015,Екатеринбург,маркетплейс,Кофе,Бразилия 1 кг,1290,2
11160,2025-10-11,C015,Екатеринбург,маркетплейс,Кофе,Колумбия 250 г,690,2
11161,2025-10-12,C118,Москва,сайт,Кофе,Кофе без кофеина 250 г,720,1
11162,2025-10-13,C051,Санкт-Петербург,сайт,Сладости,Шоколад горький,180,1
11163,2025-10-13,C161,Санкт-Петербург,маркетплейс,Посуда,Турка медная,2400,1
11163,2025-10-13,C161,Санкт-Петербург,маркетплейс,Сладости,Зефир,210,1
11164,2025-10-13,C159,Новосибирск,маркетплейс,Кофе,Эспрессо-смесь 1 кг,1450,1
11164,2025-10-13,C159,Новосибирск,маркетплейс,Сладости,Шоколад горький,180,2
11165,2025-10-13,C059,Москва,сайт,Аксессуары,Кофемолка ручная,3200,1
11166,2025-10-13,C068,Москва,приложение,Кофе,Колумбия 250 г,690,1
11167,2025-10-14,C208,Санкт-Петербург,сайт,Кофе,Бразилия 1 кг,1290,3
11167,2025-10-14,C208,Санкт-Петербург,сайт,Чай,Чёрный чай 100 г,350,2
11168,2025-10-14,C210,Москва,сайт,Кофе,Колумбия 250 г,690,2
11169,2025-10-14,C144,Новосибирск,приложение,Кофе,Кофе без кофеина 250 г,720,2
11169,2025-10-14,C144,Новосибирск,приложение,Сладости,Печенье овсяное,150,1
11170,2025-10-14,C024,Санкт-Петербург,приложение,Сладости,Зефир,210,1
11171,2025-10-14,C135,Санкт-Петербург,сайт,Чай,Зелёный чай 100 г,390,1
11171,2025-10-14,C135,Санкт-Петербург,сайт,Кофе,Эспрессо-смесь 1 кг,1450,2
11172,2025-10-15,C030,Новосибирск,сайт,Кофе,Эспрессо-смесь 1 кг,1450,1
11172,2025-10-15,C030,Новосибирск,сайт,Чай,Улун 100 г,540,2
11173,2025-10-15,C204,Москва,приложение,Кофе,Бразилия 1 кг,1290,1
11174,2025-10-16,C196,Казань,маркетплейс,Кофе,Колумбия 250 г,690,3
11175,2025-10-16,C111,Москва,сайт,Кофе,Кофе без кофеина 250 г,720,1
11175,2025-10-16,C111,Москва,сайт,Сладости,Зефир,210,3
11176,2025-10-16,C030,Новосибирск,сайт,Кофе,Бразилия 1 кг,1290,1
11177,2025-10-16,C102,Казань,маркетплейс,Аксессуары,Фильтры бумажные,240,1
11178,2025-10-17,C118,Москва,сайт,Сладости,Миндаль в шоколаде,320,2
11179,2025-10-17,C178,Санкт-Петербург,сайт,Кофе,Колумбия 250 г,690,2
11179,2025-10-17,C178,Санкт-Петербург,сайт,Посуда,Кружка 350 мл,590,1
11180,2025-10-17,C200,Москва,маркетплейс,Сладости,Печенье овсяное,150,1
11180,2025-10-17,C200,Москва,маркетплейс,Посуда,Кружка 350 мл,590,2
11181,2025-10-18,C220,Москва,сайт,Кофе,Кофе без кофеина 250 г,720,1
11182,2025-10-18,C011,Новосибирск,сайт,Кофе,Кофе без кофеина 250 г,720,1
11182,2025-10-18,C011,Новосибирск,сайт,Кофе,Эфиопия 250 г,790,2
11182,2025-10-18,C011,Новосибирск,сайт,Чай,Чёрный чай 100 г,350,4
11183,2025-10-18,C036,Казань,сайт,Кофе,Колумбия 250 г,690,2
11184,2025-10-18,C030,Новосибирск,приложение,Кофе,Эфиопия 250 г,790,2
11185,2025-10-19,C178,Санкт-Петербург,сайт,Кофе,Эфиопия 250 г,790,2
11186,2025-10-19,C075,Санкт-Петербург,сайт,Чай,Травяной сбор 50 г,260,5
11187,2025-10-19,C216,Москва,сайт,Чай,Травяной сбор 50 г,260,8
11188,2025-10-19,C102,Казань,сайт,Кофе,Колумбия 250 г,690,1
11188,2025-10-19,C102,Казань,сайт,Посуда,Турка медная,2400,1
11189,2025-10-19,C143,Москва,маркетплейс,Чай,Чёрный чай 100 г,350,2
11190,2025-10-20,C045,Москва,сайт,Кофе,Эфиопия 250 г,790,2
11191,2025-10-20,C091,Москва,маркетплейс,Чай,Улун 100 г,540,1
11191,2025-10-20,C091,Москва,маркетплейс,Чай,Травяной сбор 50 г,260,1
11191,2025-10-20,C091,Москва,маркетплейс,Чай,Чёрный чай 100 г,350,2
11192,2025-10-20,C208,Санкт-Петербург,маркетплейс,Чай,Чёрный чай 100 г,350,2
11192,2025-10-20,C208,Санкт-Петербург,маркетплейс,Кофе,Эфиопия 250 г,790,1
11193,2025-10-20,C100,Екатеринбург,маркетплейс,Кофе,Бразилия 1 кг,1290,1
11193,2025-10-20,C100,Екатеринбург,маркетплейс,Сладости,Шоколад горький,180,1
11194,2025-10-20,C177,Москва,сайт,Чай,Травяной сбор 50 г,260,1
11194,2025-10-20,C177,Москва,сайт,Кофе,Эспрессо-смесь 1 кг,1450,2
11195,2025-10-20,C019,Москва,приложение,Кофе,Эфиопия 250 г,790,2
11196,2025-10-20,C077,Казань,маркетплейс,Сладости,Зефир,210,2
11197,2025-10-20,C220,Москва,приложение,Чай,Улун 100 г,540,2
11198,2025-10-20,C142,Екатеринбург,сайт,Чай,Зелёный чай 100 г,390,3
11198,2025-10-20,C142,Екатеринбург,сайт,Кофе,Эспрессо-смесь 1 кг,1450,1
11199,2025-10-21,C139,Екатеринбург,сайт,Кофе,Эфиопия 250 г,790,2
11199,2025-10-21,C139,Екатеринбург,сайт,Кофе,Эспрессо-смесь 1 кг,1450,1
11199,2025-10-21,C139,Екатеринбург,сайт,Сладости,Шоколад горький,180,2
11200,2025-10-22,C133,Новосибирск,приложение,Сладости,Печенье овсяное,150,3
11201,2025-10-22,C138,Екатеринбург,приложение,Аксессуары,Фильтры бумажные,240,1
11201,2025-10-22,C138,Екатеринбург,приложение,Кофе,Бразилия 1 кг,1290,2
11202,2025-10-22,C046,Казань,маркетплейс,Аксессуары,Кофемолка ручная,3200,1
11203,2025-10-23,C208,Санкт-Петербург,сайт,Чай,Улун 100 г,540,2
11203,2025-10-23,C208,Санкт-Петербург,сайт,Аксессуары,Фильтры бумажные,240,2
11204,2025-10-23,C212,Санкт-Петербург,сайт,Сладости,Зефир,210,1
11204,2025-10-23,C212,Санкт-Петербург,сайт,Чай,Травяной сбор 50 г,260,1
11205,2025-10-23,C020,Санкт-Петербург,маркетплейс,Кофе,Эфиопия 250 г,790,1
11205,2025-10-23,C020,Санкт-Петербург,маркетплейс,Чай,Чёрный чай 100 г,350,1
11206,2025-10-23,C171,Москва,сайт,Кофе,Колумбия 250 г,690,2
11206,2025-10-23,C171,Москва,сайт,Кофе,Эспрессо-смесь 1 кг,1450,1
11207,2025-10-24,C176,Санкт-Петербург,маркетплейс,Чай,Чёрный чай 100 г,350,1
11208,2025-10-24,C220,Москва,сайт,Сладости,Зефир,210,1
11208,2025-10-24,C220,Москва,сайт,Аксессуары,Фильтры бумажные,240,3
11209,2025-10-24,C220,Москва,сайт,Кофе,Эспрессо-смесь 1 кг,1450,2
11210,2025-10-24,C076,Казань,маркетплейс,Сладости,Шоколад горький,180,1
11211,2025-10-25,C140,Санкт-Петербург,сайт,Кофе,Колумбия 250 г,690,3
11211,2025-10-25,C140,Санкт-Петербург,сайт,Чай,Зелёный чай 100 г,390,7
11212,2025-10-25,C069,Казань,сайт,Кофе,Кофе без кофеина 250 г,720,1
11212,2025-10-25,C069,Казань,сайт,Кофе,Бразилия 1 кг,1290,2
11212,2025-10-25,C069,Казань,сайт,Кофе,Колумбия 250 г,690,2
11213,2025-10-25,C170,Москва,сайт,Чай,Чёрный чай 100 г,350,1
11214,2025-10-25,C001,Екатеринбург,сайт,Кофе,Бразилия 1 кг,1290,1
11215,2025-10-25,C237,Казань,сайт,Кофе,Эфиопия 250 г,790,1
11215,2025-10-25,C237,Казань,сайт,Сладости,Шоколад горький,180,2
11215,2025-10-25,C237,Казань,сайт,Кофе,Бразилия 1 кг,1290,1
11216,2025-10-25,C081,Москва,приложение,Сладости,Шоколад горький,180,3
11217,2025-10-26,C065,Москва,сайт,Кофе,Кофе без кофеина 250 г,720,6
11217,2025-10-26,C065,Москва,сайт,Аксессуары,Кофемолка ручная,3200,1
11218,2025-10-27,C080,Москва,сайт,Посуда,Кружка 350 мл,590,2
11218,2025-10-27,C080,Москва,сайт,Кофе,Эспрессо-смесь 1 кг,1450,1
11219,2025-10-27,C169,Казань,сайт,Кофе,Бразилия 1 кг,1290,3
11220,2025-10-27,C179,Москва,маркетплейс,Сладости,Миндаль в шоколаде,320,2
11221,2025-10-27,C140,Санкт-Петербург,сайт,Чай,Травяной сбор 50 г,260,5
11222,2025-10-28,C170,Москва,приложение,Кофе,Кофе без кофеина 250 г,720,2
11222,2025-10-28,C170,Москва,приложение,Чай,Зелёный чай 100 г,390,2
11223,2025-10-28,C117,Москва,приложение,Сладости,Миндаль в шоколаде,320,3
11224,2025-10-29,C011,Новосибирск,приложение,Кофе,Колумбия 250 г,690,1
11225,2025-10-29,C164,Москва,сайт,Кофе,Кофе без кофеина 250 г,720,2
11225,2025-10-29,C164,Москва,сайт,Посуда,Турка медная,2400,1
11226,2025-10-29,C190,Новосибирск,сайт,Чай,Зелёный чай 100 г,390,1
11226,2025-10-29,C190,Новосибирск,сайт,Сладости,Зефир,210,3
11227,2025-10-29,C017,Екатеринбург,сайт,Чай,Улун 100 г,540,3
11228,2025-10-30,C208,Санкт-Петербург,сайт,Кофе,Эфиопия 250 г,790,4
11228,2025-10-30,C208,Санкт-Петербург,сайт,Кофе,Кофе без кофеина 250 г,720,1
11229,2025-10-30,C120,Санкт-Петербург,приложение,Кофе,Кофе без кофеина 250 г,720,2
11229,2025-10-30,C120,Санкт-Петербург,приложение,Сладости,Миндаль в шоколаде,320,4
11230,2025-10-31,C065,Москва,сайт,Кофе,Бразилия 1 кг,1290,7
11230,2025-10-31,C065,Москва,сайт,Сладости,Миндаль в шоколаде,320,2
11230,2025-10-31,C065,Москва,сайт,Кофе,Эфиопия 250 г,790,6
11231,2025-10-31,C002,Екатеринбург,маркетплейс,Кофе,Эфиопия 250 г,790,3
11231,2025-10-31,C002,Екатеринбург,маркетплейс,Кофе,Колумбия 250 г,690,2
11232,2025-10-31,C119,Новосибирск,сайт,Чай,Зелёный чай 100 г,390,2
11233,2025-10-31,C130,Санкт-Петербург,приложение,Аксессуары,Фильтры бумажные,240,1
11234,2025-10-31,C226,Москва,сайт,Кофе,Кофе без кофеина 250 г,720,4
11234,2025-10-31,C226,Москва,сайт,Чай,Травяной сбор 50 г,260,2
11235,2025-11-01,C226,Москва,маркетплейс,Чай,Чёрный чай 100 г,350,1
11235,2025-11-01,C226,Москва,маркетплейс,Кофе,Колумбия 250 г,690,2
11236,2025-11-01,C040,Екатеринбург,сайт,Кофе,Эфиопия 250 г,790,2
11237,2025-11-01,C116,Екатеринбург,маркетплейс,Чай,Чёрный чай 100 г,350,1
11237,2025-11-01,C116,Екатеринбург,маркетплейс,Чай,Травяной сбор 50 г,260,2
11237,2025-11-01,C116,Екатеринбург,маркетплейс,Чай,Улун 100 г,540,3
11238,2025-11-02,C151,Москва,сайт,Сладости,Печенье овсяное,150,2
11238,2025-11-02,C151,Москва,сайт,Аксессуары,Фильтры бумажные,240,1
11238,2025-11-02,C151,Москва,сайт,Чай,Травяной сбор 50 г,260,6
11239,2025-11-02,C076,Казань,сайт,Кофе,Эфиопия 250 г,790,7
11240,2025-11-02,C047,Казань,сайт,Кофе,Кофе без кофеина 250 г,720,2
11241,2025-11-02,C219,Екатеринбург,приложение,Чай,Травяной сбор 50 г,260,2
11242,2025-11-02,C107,Новосибирск,приложение,Аксессуары,Термокружка,1150,1
11242,2025-11-02,C107,Новосибирск,приложение,Чай,Травяной сбор 50 г,260,3
11243,2025-11-03,C167,Москва,маркетплейс,Кофе,Бразилия 1 кг,1290,3
11243,2025-11-03,C167,Москва,маркетплейс,Чай,Улун 100 г,540,2
11243,2025-11-03,C167,Москва,маркетплейс,Чай,Травяной сбор 50 г,260,3
11244,2025-11-03,C124,Санкт-Петербург,приложение,Сладости,Печенье овсяное,150,2
11245,2025-11-03,C108,Санкт-Петербург,маркетплейс,Кофе,Кофе без кофеина 250 г,720,6
11246,2025-11-03,C065,Москва,приложение,Чай,Травяной сбор 50 г,260,6
11247,2025-11-03,C018,Санкт-Петербург,маркетплейс,Кофе,Кофе без кофеина 250 г,720,1
11248,2025-11-04,C021,Москва,маркетплейс,Чай,Улун 100 г,540,3
11249,2025-11-04,C188,Москва,приложение,Сладости,Печенье овсяное,150,5
11250,2025-11-04,C216,Москва,маркетплейс,Кофе,Колумбия 250 г,690,8
11251,2025-11-05,C145,Новосибирск,сайт,Кофе,Кофе без кофеина 250 г,720,2
11252,2025-11-05,C138,Екатеринбург,приложение,Чай,Зелёный чай 100 г,390,2
11252,2025-11-05,C138,Екатеринбург,приложение,Чай,Травяной сбор 50 г,260,1
11253,2025-11-05,C028,Москва,сайт,Чай,Улун 100 г,540,1
11254,2025-11-05,C021,Москва,сайт,Чай,Чёрный чай 100 г,350,2
11254,2025-11-05,C021,Москва,сайт,Сладости,Шоколад горький,180,3
11255,2025-11-06,C034,Санкт-Петербург,приложение,Кофе,Колумбия 250 г,690,2
11256,2025-11-06,C023,Новосибирск,маркетплейс,Кофе,Кофе без кофеина 250 г,720,2
11256,2025-11-06,C023,Новосибирск,маркетплейс,Кофе,Бразилия 1 кг,1290,1
11257,2025-11-06,C152,Санкт-Петербург,сайт,Кофе,Эспрессо-смесь 1 кг,1450,1
11257,2025-11-06,C152,Санкт-Петербург,сайт,Кофе,Колумбия 250 г,690,2
11258,2025-11-07,C070,Москва,приложение,Кофе,Колумбия 250 г,690,4
11259,2025-11-07,C038,Санкт-Петербург,сайт,Сладости,Зефир,210,2
11259,2025-11-07,C038,Санкт-Петербург,сайт,Кофе,Бразилия 1 кг,1290,1
11260,2025-11-07,C058,Санкт-Петербург,сайт,Сладости,Печенье овсяное,150,3
11260,2025-11-07,C058,Санкт-Петербург,сайт,Чай,Травяной сбор 50 г,260,2
11261,2025-11-07,C140,Санкт-Петербург,маркетплейс,Посуда,Френч-пресс,1890,1
11261,2025-11-07,C140,Санкт-Петербург,маркетплейс,Кофе,Эспрессо-смесь 1 кг,1450,6
11262,2025-11-07,C041,Санкт-Петербург,сайт,Кофе,Эфиопия 250 г,790,1
11263,2025-11-08,C207,Санкт-Петербург,приложение,Сладости,Печенье овсяное,150,2
11264,2025-11-08,C183,Санкт-Петербург,сайт,Посуда,Кружка 350 мл,590,2
11265,2025-11-08,C056,Санкт-Петербург,маркетплейс,Чай,Травяной сбор 50 г,260,3
11266,2025-11-08,C149,Москва,маркетплейс,Чай,Улун 100 г,540,2
11266,2025-11-08,C149,Москва,маркетплейс,Кофе,Эфиопия 250 г,790,1
11267,2025-11-09,C208,Санкт-Петербург,маркетплейс,Сладости,Шоколад горький,180,3
11267,2025-11-09,C208,Санкт-Петербург,маркетплейс,Кофе,Эфиопия 250 г,790,1
11268,2025-11-09,C134,Москва,сайт,Чай,Зелёный чай 100 г,390,7
11269,2025-11-09,C237,Казань,маркетплейс,Сладости,Зефир,210,2
11270,2025-11-09,C136,Казань,сайт,Чай,Травяной сбор 50 г,260,4
11271,2025-11-10,C183,Санкт-Петербург,сайт,Чай,Улун 100 г,540,1
11271,2025-11-10,C183,Санкт-Петербург,сайт,Сладости,Печенье овсяное,150,1
11272,2025-11-10,C006,Москва,маркетплейс,Кофе,Колумбия 250 г,690,1
11273,2025-11-10,C134,Москва,приложение,Кофе,Эспрессо-смесь 1 кг,1450,6
11273,2025-11-10,C134,Москва,приложение,Кофе,Кофе без кофеина 250 г,720,7
11273,2025-11-10,C134,Москва,приложение,Чай,Чёрный чай 100 г,350,5
11274,2025-11-10,C235,Москва,приложение,Кофе,Колумбия 250 г,690,3
11275,2025-11-11,C142,Екатеринбург,маркетплейс,Чай,Зелёный чай 100 г,390,2
11275,2025-11-11,C142,Екатеринбург,маркетплейс,Кофе,Кофе без кофеина 250 г,720,1
11275,2025-11-11,C142,Екатеринбург,маркетплейс,Чай,Улун 100 г,540,1
11276,2025-11-11,C035,Москва,сайт,Чай,Улун 100 г,540,3
11276,2025-11-11,C035,Москва,сайт,Сладости,Миндаль в шоколаде,320,1
11276,2025-11-11,C035,Москва,сайт,Кофе,Эспрессо-смесь 1 кг,1450,1
11277,2025-11-11,C183,Санкт-Петербург,приложение,Кофе,Эфиопия 250 г,790,1
11278,2025-11-12,C023,Новосибирск,маркетплейс,Аксессуары,Фильтры бумажные,240,1
11278,2025-11-12,C023,Новосибирск,маркетплейс,Кофе,Колумбия 250 г,690,2
11279,2025-11-13,C074,Казань,сайт,Чай,Травяной сбор 50 г,260,2
11279,2025-11-13,C074,Казань,сайт,Кофе,Бразилия 1 кг,1290,2
11279,2025-11-13,C074,Казань,сайт,Кофе,Эфиопия 250 г,790,2
11280,2025-11-13,C210,Москва,приложение,Сладости,Зефир,210,3
11281,2025-11-13,C093,Казань,сайт,Кофе,Колумбия 250 г,690,4
11282,2025-11-13,C137,Санкт-Петербург,маркетплейс,Кофе,Колумбия 250 г,690,6
11282,2025-11-13,C137,Санкт-Петербург,маркетплейс,Кофе,Бразилия 1 кг,1290,7
11283,2025-11-13,C208,Санкт-Петербург,сайт,Чай,Травяной сбор 50 г,260,4
11284,2025-11-13,C209,Москва,сайт,Кофе,Эспрессо-смесь 1 кг,1450,1
11285,2025-11-14,C144,Новосибирск,сайт,Чай,Травяной сбор 50 г,260,1
11285,2025-11-14,C144,Новосибирск,сайт,Кофе,Бразилия 1 кг,1290,1
11285,2025-11-14,C144,Новосибирск,сайт,Чай,Улун 100 г,540,3
11286,2025-11-14,C218,Екатеринбург,сайт,Сладости,Печенье овсяное,150,1
11286,2025-11-14,C218,Екатеринбург,сайт,Чай,Чёрный чай 100 г,350,2
11287,2025-11-14,C118,Москва,маркетплейс,Посуда,Турка медная,2400,1
11287,2025-11-14,C118,Москва,маркетплейс,Чай,Улун 100 г,540,1
11288,2025-11-14,C081,Москва,маркетплейс,Чай,Чёрный чай 100 г,350,1
11289,2025-11-14,C005,Екатеринбург,приложение,Чай,Травяной сбор 50 г,260,1
11290,2025-11-14,C195,Москва,приложение,Кофе,Колумбия 250 г,690,2
11291,2025-11-14,C172,Санкт-Петербург,маркетплейс,Аксессуары,Фильтры бумажные,240,3
11292,2025-11-15,C099,Екатеринбург,приложение,Чай,Улун 100 г,540,2
11293,2025-11-15,C033,Казань,сайт,Кофе,Эспрессо-смесь 1 кг,1450,2
11294,2025-11-15,C032,Москва,приложение,Кофе,Эфиопия 250 г,790,2
11294,2025-11-15,C032,Москва,приложение,Сладости,Зефир,210,2
11295,2025-11-15,C016,Москва,приложение,Кофе,Эспрессо-смесь 1 кг,1450,1
11295,2025-11-15,C016,Москва,приложение,Чай,Зелёный чай 100 г,390,3
11296,2025-11-15,C221,Екатеринбург,сайт,Чай,Травяной сбор 50 г,260,4
11297,2025-11-15,C151,Москва,приложение,Чай,Улун 100 г,540,5
11297,2025-11-15,C151,Москва,приложение,Кофе,Кофе без кофеина 250 г,720,4
11298,2025-11-15,C176,Санкт-Петербург,сайт,Кофе,Эфиопия 250 г,790,2
11298,2025-11-15,C176,Санкт-Петербург,сайт,Чай,Травяной сбор 50 г,260,3
11299,2025-11-15,C038,Санкт-Петербург,сайт,Сладости,Шоколад горький,180,2
11300,2025-11-16,C116,Екатеринбург,приложение,Кофе,Колумбия 250 г,690,3
11300,2025-11-16,C116,Екатеринбург,приложение,Чай,Зелёный чай 100 г,390,2
11301,2025-11-16,C171,Москва,маркетплейс,Посуда,Турка медная,2400,2
11302,2025-11-16,C068,Москва,маркетплейс,Кофе,Эспрессо-смесь 1 кг,1450,1
11303,2025-11-16,C023,Новосибирск,маркетплейс,Посуда,Турка медная,2400,2
11303,2025-11-16,C023,Новосибирск,маркетплейс,Сладости,Миндаль в шоколаде,320,2
11303,2025-11-16,C023,Новосибирск,маркетплейс,Посуда,Кружка 350 мл,590,4
11304,2025-11-16,C207,Санкт-Петербург,приложение,Чай,Травяной сбор 50 г,260,1
11305,2025-11-16,C041,Санкт-Петербург,приложение,Чай,Травяной сбор 50 г,260,2
11305,2025-11-16,C041,Санкт-Петербург,приложение,Чай,Зелёный чай 100 г,390,2
11306,2025-11-18,C166,Москва,сайт,Чай,Травяной сбор 50 г,260,1
11307,2025-11-18,C208,Санкт-Петербург,сайт,Кофе,Кофе без кофеина 250 г,720,2
11307,2025-11-18,C208,Санкт-Петербург,сайт,Кофе,Бразилия 1 кг,1290,1
11308,2025-11-18,C069,Казань,сайт,Чай,Травяной сбор 50 г,260,1
11309,2025-11-18,C134,Москва,сайт,Кофе,Эфиопия 250 г,790,6
11309,2025-11-18,C134,Москва,сайт,Кофе,Колумбия 250 г,690,8
11310,2025-11-19,C006,Москва,сайт,Сладости,Печенье овсяное,150,1
11310,2025-11-19,C006,Москва,сайт,Кофе,Колумбия 250 г,690,1
11311,2025-11-19,C191,Казань,сайт,Кофе,Эфиопия 250 г,790,2
11311,2025-11-19,C191,Казань,сайт,Кофе,Эспрессо-смесь 1 кг,1450,1
11312,2025-11-19,C207,Санкт-Петербург,сайт,Кофе,Кофе без кофеина 250 г,720,2
11312,2025-11-19,C207,Санкт-Петербург,сайт,Кофе,Эфиопия 250 г,790,1
11313,2025-11-19,C031,Москва,приложение,Сладости,Печенье овсяное,150,1
11314,2025-11-19,C178,Санкт-Петербург,приложение,Чай,Чёрный чай 100 г,350,1
11315,2025-11-19,C195,Москва,приложение,Сладости,Миндаль в шоколаде,320,1
11316,2025-11-20,C172,Санкт-Петербург,сайт,Сладости,Зефир,210,2
11317,2025-11-20,C011,Новосибирск,сайт,Кофе,Колумбия 250 г,690,2
11318,2025-11-21,C116,Екатеринбург,сайт,Чай,Улун 100 г,540,1
11318,2025-11-21,C116,Екатеринбург,сайт,Кофе,Кофе без кофеина 250 г,720,1
11318,2025-11-21,C116,Екатеринбург,сайт,Чай,Чёрный чай 100 г,350,3
11319,2025-11-21,C234,Санкт-Петербург,сайт,Чай,Зелёный чай 100 г,390,2
11320,2025-11-21,C069,Казань,маркетплейс,Посуда,Турка медная,2400,1
11320,2025-11-21,C069,Казань,маркетплейс,Чай,Травяной сбор 50 г,260,3
11321,2025-11-21,C067,Москва,сайт,Чай,Травяной сбор 50 г,260,3
11321,2025-11-21,C067,Москва,сайт,Кофе,Бразилия 1 кг,1290,1
11322,2025-11-21,C153,Санкт-Петербург,приложение,Кофе,Эспрессо-смесь 1 кг,1450,2
11323,2025-11-22,C113,Екатеринбург,маркетплейс,Сладости,Зефир,210,3
11324,2025-11-22,C207,Санкт-Петербург,приложение,Кофе,Кофе без кофеина 250 г,720,3
11325,2025-11-22,C058,Санкт-Петербург,сайт,Посуда,Френч-пресс,1890,1
11325,2025-11-22,C058,Санкт-Петербург,сайт,Аксессуары,Фильтры бумажные,240,2
11325,2025-11-22,C058,Санкт-Петербург,сайт,Кофе,Колумбия 250 г,690,1
11326,2025-11-23,C224,Москва,сайт,Кофе,Бразилия 1 кг,1290,4
11326,2025-11-23,C224,Москва,сайт,Чай,Зелёный чай 100 г,390,4
11327,2025-11-23,C220,Москва,приложение,Кофе,Бразилия 1 кг,1290,1
11328,2025-11-23,C211,Казань,приложение,Кофе,Эфиопия 250 г,790,1
11328,2025-11-23,C211,Казань,приложение,Чай,Травяной сбор 50 г,260,2
11329,2025-11-23,C071,Москва,сайт,Посуда,Чайник заварочный,1350,1
11330,2025-11-23,C195,Москва,приложение,Чай,Травяной сбор 50 г,260,2
11331,2025-11-23,C162,Москва,сайт,Кофе,Колумбия 250 г,690,1
11332,2025-11-23,C230,Москва,маркетплейс,Чай,Зелёный чай 100 г,390,2
11333,2025-11-24,C024,Санкт-Петербург,сайт,Сладости,Миндаль в шоколаде,320,4
11334,2025-11-24,C178,Санкт-Петербург,маркетплейс,Сладости,Шоколад горький,180,1
11335,2025-11-24,C220,Москва,маркетплейс,Чай,Зелёный чай 100 г,390,2
11335,2025-11-24,C220,Москва,маркетплейс,Чай,Чёрный чай 100 г,350,2
11336,2025-11-24,C016,Москва,маркетплейс,Кофе,Колумбия 250 г,690,3
11337,2025-11-24,C043,Екатеринбург,приложение,Чай,Травяной сбор 50 г,260,3
11338,2025-11-25,C126,Екатеринбург,приложение,Кофе,Колумбия 250 г,690,7
11339,2025-11-25,C027,Казань,сайт,Чай,Зелёный чай 100 г,390,3
11340,2025-11-25,C137,Санкт-Петербург,сайт,Кофе,Бразилия 1 кг,1290,6
11340,2025-11-25,C137,Санкт-Петербург,сайт,Чай,Травяной сбор 50 г,260,5
11341,2025-11-26,C187,Москва,маркетплейс,Чай,Улун 100 г,540,1
11342,2025-11-26,C006,Москва,маркетплейс,Кофе,Эфиопия 250 г,790,2
11342,2025-11-26,C006,Москва,маркетплейс,Посуда,Турка медная,2400,1
11343,2025-11-26,C159,Новосибирск,сайт,Чай,Улун 100 г,540,2
11344,2025-11-26,C041,Санкт-Петербург,сайт,Посуда,Чайник заварочный,1350,1
11344,2025-11-26,C041,Санкт-Петербург,сайт,Кофе,Бразилия 1 кг,1290,1
11345,2025-11-27,C207,Санкт-Петербург,маркетплейс,Чай,Зелёный чай 100 г,390,2
11345,2025-11-27,C207,Санкт-Петербург,маркетплейс,Чай,Травяной сбор 50 г,260,1
11346,2025-11-27,C030,Новосибирск,маркетплейс,Чай,Чёрный чай 100 г,350,1
11347,2025-11-28,C204,Москва,приложение,Чай,Зелёный чай 100 г,390,2
11347,2025-11-28,C204,Москва,приложение,Посуда,Чайник заварочный,1350,1
11347,2025-11-28,C204,Москва,приложение,Кофе,Колумбия 250 г,690,1
11348,2025-11-28,C087,Казань,сайт,Сладости,Печенье овсяное,150,1
11348,2025-11-28,C087,Казань,сайт,Чай,Зелёный чай 100 г,390,3
11349,2025-11-28,C121,Новосибирск,маркетплейс,Чай,Зелёный чай 100 г,390,2
11350,2025-11-28,C134,Москва,маркетплейс,Кофе,Кофе без кофеина 250 г,720,6
11351,2025-11-28,C214,Москва,маркетплейс,Кофе,Бразилия 1 кг,1290,1
11351,2025-11-28,C214,Москва,маркетплейс,Сладости,Печенье овсяное,150,2
11352,2025-11-28,C068,Москва,маркетплейс,Кофе,Колумбия 250 г,690,1
11353,2025-11-28,C045,Москва,сайт,Чай,Зелёный чай 100 г,390,1
11353,2025-11-28,C045,Москва,сайт,Сладости,Миндаль в шоколаде,320,2
11354,2025-11-28,C118,Москва,сайт,Сладости,Печенье овсяное,150,3
11355,2025-11-28,C037,Санкт-Петербург,сайт,Кофе,Бразилия 1 кг,1290,1
11356,2025-11-29,C093,Казань,приложение,Кофе,Бразилия 1 кг,1290,2
11357,2025-11-29,C078,Казань,приложение,Кофе,Эфиопия 250 г,790,1
11357,2025-11-29,C078,Казань,приложение,Кофе,Колумбия 250 г,690,3
11358,2025-11-29,C235,Москва,сайт,Кофе,Колумбия 250 г,690,1
11359,2025-11-30,C092,Казань,приложение,Сладости,Шоколад горький,180,7
11359,2025-11-30,C092,Казань,приложение,Кофе,Колумбия 250 г,690,5
11360,2025-11-30,C009,Екатеринбург,сайт,Сладости,Шоколад горький,180,1
11360,2025-11-30,C009,Екатеринбург,сайт,Кофе,Кофе без кофеина 250 г,720,2
11361,2025-11-30,C195,Москва,сайт,Чай,Зелёный чай 100 г,390,1
11361,2025-11-30,C195,Москва,сайт,Сладости,Миндаль в шоколаде,320,4
11362,2025-11-30,C051,Санкт-Петербург,сайт,Сладости,Миндаль в шоколаде,320,1
11362,2025-11-30,C051,Санкт-Петербург,сайт,Чай,Чёрный чай 100 г,350,2
11363,2025-11-30,C114,Санкт-Петербург,маркетплейс,Кофе,Эспрессо-смесь 1 кг,1450,1
11363,2025-11-30,C114,Санкт-Петербург,маркетплейс,Сладости,Зефир,210,2
11363,2025-11-30,C114,Санкт-Петербург,маркетплейс,Чай,Зелёный чай 100 г,390,3
11364,2025-12-01,C038,Санкт-Петербург,сайт,Кофе,Кофе без кофеина 250 г,720,1
11364,2025-12-01,C038,Санкт-Петербург,сайт,Чай,Чёрный чай 100 г,350,1
11365,2025-12-01,C182,Екатеринбург,сайт,Чай,Зелёный чай 100 г,390,2
11365,2025-12-01,C182,Екатеринбург,сайт,Аксессуары,Фильтры бумажные,240,3
11366,2025-12-01,C025,Москва,приложение,Кофе,Эфиопия 250 г,790,3
11367,2025-12-01,C122,Екатеринбург,маркетплейс,Чай,Чёрный чай 100 г,350,3
11367,2025-12-01,C122,Екатеринбург,маркетплейс,Чай,Улун 100 г,540,2
11368,2025-12-01,C195,Москва,маркетплейс,Чай,Зелёный чай 100 г,390,1
11369,2025-12-02,C211,Казань,маркетплейс,Посуда,Френч-пресс,1890,2
11369,2025-12-02,C211,Казань,маркетплейс,Посуда,Кружка 350 мл,590,1
11370,2025-12-02,C013,Новосибирск,приложение,Сладости,Печенье овсяное,150,1
11371,2025-12-02,C036,Казань,приложение,Сладости,Миндаль в шоколаде,320,2
11371,2025-12-02,C036,Казань,приложение,Кофе,Эспрессо-смесь 1 кг,1450,1
11372,2025-12-02,C072,Екатеринбург,сайт,Сладости,Шоколад горький,180,1
11372,2025-12-02,C072,Екатеринбург,сайт,Посуда,Френч-пресс,1890,2
11373,2025-12-02,C138,Екатеринбург,маркетплейс,Посуда,Кружка 350 мл,590,4
11373,2025-12-02,C138,Екатеринбург,маркетплейс,Кофе,Эфиопия 250 г,790,2
11374,2025-12-02,C167,Москва,маркетплейс,Посуда,Френч-пресс,1890,1
11375,2025-12-02,C058,Санкт-Петербург,приложение,Сладости,Печенье овсяное,150,2
11376,2025-12-02,C006,Москва,маркетплейс,Посуда,Френч-пресс,1890,1
11377,2025-12-03,C148,Санкт-Петербург,сайт,Посуда,Френч-пресс,1890,1
11378,2025-12-03,C221,Екатеринбург,маркетплейс,Кофе,Кофе без кофеина 250 г,720,1
11378,2025-12-03,C221,Екатеринбург,маркетплейс,Кофе,Эфиопия 250 г,790,4
11379,2025-12-03,C026,Москва,сайт,Чай,Зелёный чай 100 г,390,2
11379,2025-12-03,C026,Москва,сайт,Кофе,Бразилия 1 кг,1290,1
11380,2025-12-03,C024,Санкт-Петербург,сайт,Сладости,Зефир,210,2
11380,2025-12-03,C024,Санкт-Петербург,сайт,Сладости,Печенье овсяное,150,1
11380,2025-12-03,C024,Санкт-Петербург,сайт,Сладости,Миндаль в шоколаде,320,3
11381,2025-12-04,C237,Казань,сайт,Кофе,Бразилия 1 кг,1290,1
11382,2025-12-04,C081,Москва,сайт,Кофе,Эфиопия 250 г,790,2
11383,2025-12-04,C102,Казань,приложение,Кофе,Бразилия 1 кг,1290,1
11384,2025-12-04,C012,Москва,маркетплейс,Сладости,Миндаль в шоколаде,320,1
11385,2025-12-04,C102,Казань,приложение,Посуда,Чайник заварочный,1350,1
11386,2025-12-04,C066,Москва,приложение,Посуда,Кружка 350 мл,590,3
11386,2025-12-04,C066,Москва,приложение,Чай,Чёрный чай 100 г,350,1
11387,2025-12-04,C208,Санкт-Петербург,сайт,Чай,Травяной сбор 50 г,260,1
11388,2025-12-04,C023,Новосибирск,сайт,Чай,Улун 100 г,540,2
11388,2025-12-04,C023,Новосибирск,сайт,Чай,Зелёный чай 100 г,390,2
11389,2025-12-04,C170,Москва,приложение,Посуда,Чайник заварочный,1350,1
11389,2025-12-04,C170,Москва,приложение,Посуда,Турка медная,2400,1
11389,2025-12-04,C170,Москва,приложение,Сладости,Печенье овсяное,150,2
11390,2025-12-05,C046,Казань,маркетплейс,Посуда,Чайник заварочный,1350,1
11390,2025-12-05,C046,Казань,маркетплейс,Сладости,Печенье овсяное,150,4
11391,2025-12-05,C070,Москва,маркетплейс,Аксессуары,Термокружка,1150,1
11391,2025-12-05,C070,Москва,маркетплейс,Кофе,Бразилия 1 кг,1290,2
11392,2025-12-05,C221,Екатеринбург,сайт,Сладости,Печенье овсяное,150,2
11393,2025-12-05,C102,Казань,сайт,Чай,Улун 100 г,540,2
11393,2025-12-05,C102,Казань,сайт,Чай,Травяной сбор 50 г,260,3
11394,2025-12-06,C209,Москва,приложение,Чай,Травяной сбор 50 г,260,1
11394,2025-12-06,C209,Москва,приложение,Кофе,Эспрессо-смесь 1 кг,1450,1
11394,2025-12-06,C209,Москва,приложение,Сладости,Шоколад горький,180,1
11395,2025-12-06,C038,Санкт-Петербург,приложение,Аксессуары,Фильтры бумажные,240,1
11396,2025-12-06,C221,Екатеринбург,маркетплейс,Чай,Зелёный чай 100 г,390,2
11396,2025-12-06,C221,Екатеринбург,маркетплейс,Сладости,Миндаль в шоколаде,320,1
11397,2025-12-06,C207,Санкт-Петербург,маркетплейс,Чай,Улун 100 г,540,2
11397,2025-12-06,C207,Санкт-Петербург,маркетплейс,Кофе,Кофе без кофеина 250 г,720,4
11398,2025-12-06,C146,Санкт-Петербург,сайт,Чай,Чёрный чай 100 г,350,4
11399,2025-12-06,C142,Екатеринбург,маркетплейс,Сладости,Шоколад горький,180,1
11400,2025-12-06,C068,Москва,сайт,Посуда,Чайник заварочный,1350,2
11401,2025-12-06,C030,Новосибирск,сайт,Сладости,Шоколад горький,180,1
11402,2025-12-07,C067,Москва,сайт,Кофе,Эфиопия 250 г,790,2
11402,2025-12-07,C067,Москва,сайт,Сладости,Шоколад горький,180,1
11403,2025-12-07,C148,Санкт-Петербург,маркетплейс,Чай,Чёрный чай 100 г,350,2
11404,2025-12-07,C191,Казань,маркетплейс,Посуда,Кружка 350 мл,590,1
11404,2025-12-07,C191,Казань,маркетплейс,Чай,Зелёный чай 100 г,390,2
11405,2025-12-07,C167,Москва,сайт,Кофе,Эспрессо-смесь 1 кг,1450,1
11405,2025-12-07,C167,Москва,сайт,Кофе,Колумбия 250 г,690,1
11406,2025-12-07,C140,Санкт-Петербург,сайт,Сладости,Печенье овсяное,150,1
11406,2025-12-07,C140,Санкт-Петербург,сайт,Чай,Травяной сбор 50 г,260,8
11407,2025-12-07,C045,Москва,приложение,Сладости,Печенье овсяное,150,1
11407,2025-12-07,C045,Москва,приложение,Посуда,Френч-пресс,1890,1
11408,2025-12-07,C093,Казань,сайт,Чай,Зелёный чай 100 г,390,2
11409,2025-12-07,C047,Казань,сайт,Сладости,Шоколад горький,180,1
11410,2025-12-07,C137,Санкт-Петербург,маркетплейс,Чай,Чёрный чай 100 г,350,7
11411,2025-12-07,C139,Екатеринбург,маркетплейс,Кофе,Эфиопия 250 г,790,3
11412,2025-12-07,C223,Санкт-Петербург,приложение,Чай,Зелёный чай 100 г,390,1
11412,2025-12-07,C223,Санкт-Петербург,приложение,Чай,Чёрный чай 100 г,350,4
11413,2025-12-08,C215,Москва,приложение,Чай,Чёрный чай 100 г,350,2
11414,2025-12-08,C164,Москва,сайт,Кофе,Эфиопия 250 г,790,2
11415,2025-12-08,C232,Москва,сайт,Чай,Чёрный чай 100 г,350,1
11415,2025-12-08,C232,Москва,сайт,Чай,Зелёный чай 100 г,390,4
11416,2025-12-08,C103,Санкт-Петербург,приложение,Сладости,Шоколад горький,180,2
11416,2025-12-08,C103,Санкт-Петербург,приложение,Сладости,Миндаль в шоколаде,320,2
11416,2025-12-08,C103,Санкт-Петербург,приложение,Кофе,Колумбия 250 г,690,3
11417,2025-12-08,C024,Санкт-Петербург,сайт,Аксессуары,Фильтры бумажные,240,1
11418,2025-12-08,C220,Москва,сайт,Сладости,Печенье овсяное,150,3
11419,2025-12-09,C059,Москва,маркетплейс,Чай,Травяной сбор 50 г,260,4
11420,2025-12-09,C121,Новосибирск,приложение,Чай,Улун 100 г,540,1
11420,2025-12-09,C121,Новосибирск,приложение,Чай,Чёрный чай 100 г,350,3
11421,2025-12-09,C010,Москва,маркетплейс,Сладости,Зефир,210,1
11422,2025-12-09,C216,Москва,сайт,Кофе,Эфиопия 250 г,790,7
11422,2025-12-09,C216,Москва,сайт,Сладости,Печенье овсяное,150,4
11423,2025-12-09,C087,Казань,приложение,Аксессуары,Термокружка,1150,2
11424,2025-12-09,C005,Екатеринбург,приложение,Сладости,Печенье овсяное,150,2
11425,2025-12-09,C095,Москва,приложение,Чай,Травяной сбор 50 г,260,1
11425,2025-12-09,C095,Москва,приложение,Кофе,Бразилия 1 кг,1290,1
11426,2025-12-10,C043,Екатеринбург,сайт,Чай,Улун 100 г,540,2
11426,2025-12-10,C043,Екатеринбург,сайт,Кофе,Бразилия 1 кг,1290,1
11427,2025-12-10,C063,Екатеринбург,сайт,Чай,Травяной сбор 50 г,260,2
11428,2025-12-10,C126,Екатеринбург,приложение,Кофе,Колумбия 250 г,690,3
11428,2025-12-10,C126,Екатеринбург,приложение,Сладости,Зефир,210,3
11429,2025-12-10,C076,Казань,маркетплейс,Кофе,Кофе без кофеина 250 г,720,5
11430,2025-12-10,C118,Москва,приложение,Кофе,Кофе без кофеина 250 г,720,2
11430,2025-12-10,C118,Москва,приложение,Сладости,Печенье овсяное,150,2
11431,2025-12-10,C208,Санкт-Петербург,маркетплейс,Чай,Травяной сбор 50 г,260,2
11431,2025-12-10,C208,Санкт-Петербург,маркетплейс,Сладости,Шоколад горький,180,2
11432,2025-12-10,C041,Санкт-Петербург,сайт,Сладости,Печенье овсяное,150,1
11432,2025-12-10,C041,Санкт-Петербург,сайт,Сладости,Зефир,210,3
11433,2025-12-10,C212,Санкт-Петербург,приложение,Сладости,Шоколад горький,180,3
11434,2025-12-10,C200,Москва,сайт,Посуда,Чайник заварочный,1350,1
11434,2025-12-10,C200,Москва,сайт,Сладости,Миндаль в шоколаде,320,2
11435,2025-12-10,C140,Санкт-Петербург,маркетплейс,Чай,Зелёный чай 100 г,390,4
11436,2025-12-11,C126,Екатеринбург,приложение,Кофе,Колумбия 250 г,690,7
11436,2025-12-11,C126,Екатеринбург,приложение,Сладости,Шоколад горький,180,3
11437,2025-12-11,C079,Санкт-Петербург,приложение,Кофе,Эфиопия 250 г,790,1
11438,2025-12-11,C041,Санкт-Петербург,сайт,Кофе,Колумбия 250 г,690,1
11439,2025-12-11,C137,Санкт-Петербург,маркетплейс,Кофе,Колумбия 250 г,690,4
11439,2025-12-11,C137,Санкт-Петербург,маркетплейс,Чай,Зелёный чай 100 г,390,6
11440,2025-12-11,C038,Санкт-Петербург,сайт,Кофе,Эспрессо-смесь 1 кг,1450,1
11440,2025-12-11,C038,Санкт-Петербург,сайт,Сладости,Зефир,210,2
11441,2025-12-11,C118,Москва,сайт,Сладости,Зефир,210,2
11442,2025-12-12,C034,Санкт-Петербург,маркетплейс,Посуда,Френч-пресс,1890,2
11443,2025-12-12,C226,Москва,сайт,Чай,Травяной сбор 50 г,260,1
11444,2025-12-12,C079,Санкт-Петербург,приложение,Чай,Улун 100 г,540,1
11444,2025-12-12,C079,Санкт-Петербург,приложение,Сладости,Шоколад горький,180,2
11445,2025-12-12,C183,Санкт-Петербург,маркетплейс,Кофе,Эфиопия 250 г,790,1
11446,2025-12-12,C081,Москва,сайт,Чай,Улун 100 г,540,4
11446,2025-12-12,C081,Москва,сайт,Кофе,Колумбия 250 г,690,2
11447,2025-12-12,C099,Екатеринбург,сайт,Кофе,Бразилия 1 кг,1290,1
11447,2025-12-12,C099,Екатеринбург,сайт,Кофе,Эфиопия 250 г,790,2
11448,2025-12-12,C023,Новосибирск,приложение,Посуда,Кружка 350 мл,590,1
11449,2025-12-13,C067,Москва,приложение,Кофе,Кофе без кофеина 250 г,720,2
11450,2025-12-13,C132,Москва,сайт,Сладости,Печенье овсяное,150,1
11451,2025-12-13,C047,Казань,маркетплейс,Чай,Травяной сбор 50 г,260,1
11452,2025-12-13,C115,Казань,приложение,Кофе,Бразилия 1 кг,1290,1
11453,2025-12-13,C170,Москва,приложение,Посуда,Кружка 350 мл,590,3
11454,2025-12-13,C137,Санкт-Петербург,приложение,Кофе,Бразилия 1 кг,1290,4
11455,2025-12-13,C137,Санкт-Петербург,приложение,Посуда,Кружка 350 мл,590,1
11455,2025-12-13,C137,Санкт-Петербург,приложение,Чай,Чёрный чай 100 г,350,5
11456,2025-12-13,C038,Санкт-Петербург,сайт,Кофе,Эфиопия 250 г,790,1
11456,2025-12-13,C038,Санкт-Петербург,сайт,Чай,Зелёный чай 100 г,390,6
11457,2025-12-13,C163,Казань,приложение,Кофе,Эфиопия 250 г,790,1
11458,2025-12-14,C035,Москва,сайт,Чай,Зелёный чай 100 г,390,2
11458,2025-12-14,C035,Москва,сайт,Сладости,Печенье овсяное,150,3
11459,2025-12-14,C130,Санкт-Петербург,сайт,Чай,Зелёный чай 100 г,390,5
11460,2025-12-14,C173,Новосибирск,приложение,Чай,Травяной сбор 50 г,260,2
11461,2025-12-14,C057,Новосибирск,приложение,Чай,Зелёный чай 100 г,390,4
11462,2025-12-14,C201,Казань,сайт,Чай,Чёрный чай 100 г,350,4
11462,2025-12-14,C201,Казань,сайт,Чай,Улун 100 г,540,1
11463,2025-12-14,C201,Казань,сайт,Чай,Травяной сбор 50 г,260,1
11463,2025-12-14,C201,Казань,сайт,Сладости,Шоколад горький,180,2
11463,2025-12-14,C201,Казань,сайт,Чай,Чёрный чай 100 г,350,3
11464,2025-12-14,C167,Москва,приложение,Чай,Зелёный чай 100 г,390,2
11465,2025-12-15,C203,Казань,сайт,Сладости,Шоколад горький,180,2
11466,2025-12-15,C207,Санкт-Петербург,сайт,Кофе,Кофе без кофеина 250 г,720,3
11466,2025-12-15,C207,Санкт-Петербург,сайт,Кофе,Бразилия 1 кг,1290,1
11467,2025-12-15,C057,Новосибирск,приложение,Кофе,Колумбия 250 г,690,1
11468,2025-12-15,C176,Санкт-Петербург,приложение,Сладости,Зефир,210,2
11468,2025-12-15,C176,Санкт-Петербург,приложение,Чай,Улун 100 г,540,3
11469,2025-12-15,C144,Новосибирск,приложение,Чай,Зелёный чай 100 г,390,2
11469,2025-12-15,C144,Новосибирск,приложение,Чай,Травяной сбор 50 г,260,2
11470,2025-12-16,C011,Новосибирск,сайт,Чай,Чёрный чай 100 г,350,2
11471,2025-12-16,C075,Санкт-Петербург,сайт,Кофе,Бразилия 1 кг,1290,5
11471,2025-12-16,C075,Санкт-Петербург,сайт,Чай,Зелёный чай 100 г,390,6
11472,2025-12-16,C123,Москва,сайт,Чай,Зелёный чай 100 г,390,2
11473,2025-12-16,C019,Москва,сайт,Чай,Улун 100 г,540,2
11473,2025-12-16,C019,Москва,сайт,Сладости,Зефир,210,1
11474,2025-12-16,C046,Казань,приложение,Кофе,Эспрессо-смесь 1 кг,1450,1
11475,2025-12-17,C208,Санкт-Петербург,приложение,Кофе,Эфиопия 250 г,790,3
11476,2025-12-17,C105,Екатеринбург,сайт,Посуда,Чайник заварочный,1350,1
11477,2025-12-17,C098,Санкт-Петербург,приложение,Чай,Улун 100 г,540,3
11477,2025-12-17,C098,Санкт-Петербург,приложение,Сладости,Печенье овсяное,150,2
11478,2025-12-17,C072,Екатеринбург,приложение,Чай,Чёрный чай 100 г,350,5
11479,2025-12-17,C170,Москва,сайт,Чай,Зелёный чай 100 г,390,3
11480,2025-12-17,C079,Санкт-Петербург,сайт,Чай,Чёрный чай 100 г,350,2
11480,2025-12-17,C079,Санкт-Петербург,сайт,Кофе,Колумбия 250 г,690,1
11481,2025-12-17,C122,Екатеринбург,сайт,Чай,Зелёный чай 100 г,390,2
11481,2025-12-17,C122,Екатеринбург,сайт,Кофе,Колумбия 250 г,690,1
11481,2025-12-17,C122,Екатеринбург,сайт,Сладости,Миндаль в шоколаде,320,4
11482,2025-12-17,C035,Москва,маркетплейс,Сладости,Зефир,210,1
11483,2025-12-17,C226,Москва,сайт,Сладости,Шоколад горький,180,1
11484,2025-12-18,C203,Казань,сайт,Кофе,Эфиопия 250 г,790,1
11484,2025-12-18,C203,Казань,сайт,Сладости,Печенье овсяное,150,1
11485,2025-12-18,C205,Санкт-Петербург,сайт,Сладости,Миндаль в шоколаде,320,1
11485,2025-12-18,C205,Санкт-Петербург,сайт,Аксессуары,Термокружка,1150,1
11486,2025-12-18,C118,Москва,маркетплейс,Сладости,Зефир,210,1
11487,2025-12-18,C101,Казань,сайт,Посуда,Кружка 350 мл,590,1
11488,2025-12-18,C122,Екатеринбург,приложение,Сладости,Зефир,210,3
11489,2025-12-19,C118,Москва,сайт,Сладости,Печенье овсяное,150,4
11489,2025-12-19,C118,Москва,сайт,Кофе,Эфиопия 250 г,790,3
11489,2025-12-19,C118,Москва,сайт,Сладости,Зефир,210,4
11490,2025-12-19,C081,Москва,сайт,Чай,Улун 100 г,540,1
11491,2025-12-19,C091,Москва,сайт,Чай,Зелёный чай 100 г,390,2
11492,2025-12-19,C111,Москва,маркетплейс,Сладости,Шоколад горький,180,1
11493,2025-12-20,C083,Москва,приложение,Сладости,Печенье овсяное,150,1
11494,2025-12-20,C170,Москва,приложение,Кофе,Эспрессо-смесь 1 кг,1450,1
11494,2025-12-20,C170,Москва,приложение,Сладости,Миндаль в шоколаде,320,1
11495,2025-12-20,C128,Москва,приложение,Чай,Чёрный чай 100 г,350,3
11496,2025-12-20,C138,Екатеринбург,маркетплейс,Чай,Травяной сбор 50 г,260,2
11496,2025-12-20,C138,Екатеринбург,маркетплейс,Посуда,Френч-пресс,1890,2
11497,2025-12-20,C214,Москва,маркетплейс,Кофе,Колумбия 250 г,690,2
11498,2025-12-20,C237,Казань,сайт,Кофе,Колумбия 250 г,690,2
11499,2025-12-20,C177,Москва,сайт,Сладости,Зефир,210,2
11499,2025-12-20,C177,Москва,сайт,Сладости,Шоколад горький,180,1
11500,2025-12-20,C066,Москва,сайт,Кофе,Колумбия 250 г,690,3
11501,2025-12-20,C034,Санкт-Петербург,приложение,Кофе,Кофе без кофеина 250 г,720,1
11501,2025-12-20,C034,Санкт-Петербург,приложение,Кофе,Эспрессо-смесь 1 кг,1450,1
11502,2025-12-20,C126,Екатеринбург,сайт,Чай,Травяной сбор 50 г,260,5
11503,2025-12-21,C030,Новосибирск,приложение,Чай,Зелёный чай 100 г,390,2
11503,2025-12-21,C030,Новосибирск,приложение,Кофе,Кофе без кофеина 250 г,720,2
11504,2025-12-21,C128,Москва,сайт,Чай,Травяной сбор 50 г,260,1
11504,2025-12-21,C128,Москва,сайт,Сладости,Шоколад горький,180,1
11504,2025-12-21,C128,Москва,сайт,Чай,Чёрный чай 100 г,350,3
11505,2025-12-21,C080,Москва,сайт,Чай,Улун 100 г,540,4
11505,2025-12-21,C080,Москва,сайт,Кофе,Кофе без кофеина 250 г,720,2
11506,2025-12-21,C169,Казань,сайт,Кофе,Колумбия 250 г,690,3
11507,2025-12-21,C041,Санкт-Петербург,сайт,Чай,Травяной сбор 50 г,260,2
11507,2025-12-21,C041,Санкт-Петербург,сайт,Кофе,Бразилия 1 кг,1290,1
11508,2025-12-21,C201,Казань,маркетплейс,Сладости,Миндаль в шоколаде,320,2
11508,2025-12-21,C201,Казань,маркетплейс,Чай,Зелёный чай 100 г,390,2
11509,2025-12-21,C008,Санкт-Петербург,сайт,Чай,Травяной сбор 50 г,260,2
11509,2025-12-21,C008,Санкт-Петербург,сайт,Чай,Зелёный чай 100 г,390,1
11510,2025-12-21,C212,Санкт-Петербург,маркетплейс,Сладости,Печенье овсяное,150,1
11511,2025-12-22,C234,Санкт-Петербург,сайт,Сладости,Миндаль в шоколаде,320,2
11512,2025-12-22,C131,Санкт-Петербург,маркетплейс,Чай,Травяной сбор 50 г,260,2
11512,2025-12-22,C131,Санкт-Петербург,маркетплейс,Кофе,Бразилия 1 кг,1290,2
11513,2025-12-22,C053,Санкт-Петербург,сайт,Чай,Травяной сбор 50 г,260,2
11513,2025-12-22,C053,Санкт-Петербург,сайт,Сладости,Печенье овсяное,150,1
11514,2025-12-22,C186,Москва,сайт,Чай,Чёрный чай 100 г,350,2
11514,2025-12-22,C186,Москва,сайт,Чай,Травяной сбор 50 г,260,1
11515,2025-12-22,C075,Санкт-Петербург,сайт,Кофе,Бразилия 1 кг,1290,7
11515,2025-12-22,C075,Санкт-Петербург,сайт,Чай,Зелёный чай 100 г,390,6
11516,2025-12-22,C101,Казань,сайт,Сладости,Миндаль в шоколаде,320,2
11516,2025-12-22,C101,Казань,сайт,Чай,Зелёный чай 100 г,390,4
11517,2025-12-22,C068,Москва,сайт,Сладости,Зефир,210,4
11518,2025-12-22,C067,Москва,приложение,Сладости,Печенье овсяное,150,3
11518,2025-12-22,C067,Москва,приложение,Кофе,Эспрессо-смесь 1 кг,1450,1
11519,2025-12-22,C006,Москва,сайт,Чай,Улун 100 г,540,3
11519,2025-12-22,C006,Москва,сайт,Посуда,Кружка 350 мл,590,1
11520,2025-12-23,C183,Санкт-Петербург,приложение,Посуда,Турка медная,2400,1
11520,2025-12-23,C183,Санкт-Петербург,приложение,Сладости,Печенье овсяное,150,1
11521,2025-12-23,C023,Новосибирск,приложение,Чай,Чёрный чай 100 г,350,1
11521,2025-12-23,C023,Новосибирск,приложение,Чай,Травяной сбор 50 г,260,2
11522,2025-12-23,C221,Екатеринбург,маркетплейс,Сладости,Зефир,210,2
11523,2025-12-23,C176,Санкт-Петербург,приложение,Чай,Улун 100 г,540,1
11523,2025-12-23,C176,Санкт-Петербург,приложение,Сладости,Миндаль в шоколаде,320,4
11524,2025-12-23,C066,Москва,приложение,Чай,Зелёный чай 100 г,390,1
11524,2025-12-23,C066,Москва,приложение,Сладости,Печенье овсяное,150,1
11525,2025-12-23,C005,Екатеринбург,приложение,Аксессуары,Фильтры бумажные,240,2
11525,2025-12-23,C005,Екатеринбург,приложение,Чай,Чёрный чай 100 г,350,2
11526,2025-12-23,C087,Казань,сайт,Кофе,Колумбия 250 г,690,2
11526,2025-12-23,C087,Казань,сайт,Сладости,Зефир,210,2
11527,2025-12-23,C023,Новосибирск,приложение,Сладости,Печенье овсяное,150,2
11527,2025-12-23,C023,Новосибирск,приложение,Кофе,Бразилия 1 кг,1290,2
11528,2025-12-23,C138,Екатеринбург,маркетплейс,Аксессуары,Термокружка,1150,1
11529,2025-12-23,C227,Москва,маркетплейс,Чай,Чёрный чай 100 г,350,3
11529,2025-12-23,C227,Москва,маркетплейс,Посуда,Турка медная,2400,1
11530,2025-12-24,C118,Москва,маркетплейс,Чай,Чёрный чай 100 г,350,2
11530,2025-12-24,C118,Москва,маркетплейс,Кофе,Колумбия 250 г,690,1
11531,2025-12-25,C155,Москва,маркетплейс,Кофе,Кофе без кофеина 250 г,720,2
11531,2025-12-25,C155,Москва,маркетплейс,Сладости,Зефир,210,1
11531,2025-12-25,C155,Москва,маркетплейс,Посуда,Френч-пресс,1890,2
11532,2025-12-25,C059,Москва,сайт,Кофе,Кофе без кофеина 250 г,720,2
11533,2025-12-25,C087,Казань,маркетплейс,Кофе,Кофе без кофеина 250 г,720,1
11534,2025-12-25,C041,Санкт-Петербург,сайт,Кофе,Колумбия 250 г,690,1
11534,2025-12-25,C041,Санкт-Петербург,сайт,Чай,Травяной сбор 50 г,260,4
11535,2025-12-25,C203,Казань,приложение,Посуда,Кружка 350 мл,590,2
11535,2025-12-25,C203,Казань,приложение,Чай,Зелёный чай 100 г,390,2
11536,2025-12-26,C020,Санкт-Петербург,маркетплейс,Сладости,Печенье овсяное,150,3
11537,2025-12-26,C092,Казань,сайт,Сладости,Шоколад горький,180,2
11538,2025-12-26,C115,Казань,маркетплейс,Чай,Чёрный чай 100 г,350,1
11538,2025-12-26,C115,Казань,маркетплейс,Сладости,Печенье овсяное,150,1
11539,2025-12-26,C216,Москва,сайт,Сладости,Миндаль в шоколаде,320,3
11540,2025-12-26,C224,Москва,сайт,Кофе,Кофе без кофеина 250 г,720,6
11540,2025-12-26,C224,Москва,сайт,Чай,Травяной сбор 50 г,260,5
11541,2025-12-26,C167,Москва,сайт,Кофе,Кофе без кофеина 250 г,720,2
11541,2025-12-26,C167,Москва,сайт,Кофе,Колумбия 250 г,690,2
11542,2025-12-26,C118,Москва,приложение,Сладости,Зефир,210,2
11543,2025-12-27,C068,Москва,сайт,Сладости,Миндаль в шоколаде,320,1
11543,2025-12-27,C068,Москва,сайт,Чай,Чёрный чай 100 г,350,4
11544,2025-12-27,C162,Москва,сайт,Сладости,Миндаль в шоколаде,320,1
11544,2025-12-27,C162,Москва,сайт,Сладости,Печенье овсяное,150,2
11544,2025-12-27,C162,Москва,сайт,Чай,Улун 100 г,540,4
11545,2025-12-28,C047,Казань,сайт,Кофе,Кофе без кофеина 250 г,720,2
11546,2025-12-28,C002,Екатеринбург,маркетплейс,Чай,Улун 100 г,540,2
11547,2025-12-28,C070,Москва,приложение,Сладости,Шоколад горький,180,2
11547,2025-12-28,C070,Москва,приложение,Кофе,Эспрессо-смесь 1 кг,1450,1
11548,2025-12-28,C220,Москва,маркетплейс,Посуда,Турка медная,2400,1
11549,2025-12-28,C108,Санкт-Петербург,сайт,Сладости,Печенье овсяное,150,2
11550,2025-12-28,C037,Санкт-Петербург,приложение,Кофе,Эспрессо-смесь 1 кг,1450,2
11550,2025-12-28,C037,Санкт-Петербург,приложение,Кофе,Бразилия 1 кг,1290,2
11551,2025-12-29,C122,Екатеринбург,сайт,Сладости,Печенье овсяное,150,2
11551,2025-12-29,C122,Екатеринбург,сайт,Кофе,Эфиопия 250 г,790,1
11552,2025-12-29,C021,Москва,сайт,Сладости,Шоколад горький,180,2
11553,2025-12-29,C192,Новосибирск,маркетплейс,Кофе,Бразилия 1 кг,1290,1
11553,2025-12-29,C192,Новосибирск,маркетплейс,Посуда,Кружка 350 мл,590,2
11554,2025-12-29,C203,Казань,приложение,Сладости,Шоколад горький,180,1
11555,2025-12-29,C210,Москва,сайт,Сладости,Печенье овсяное,150,3
11556,2025-12-29,C219,Екатеринбург,маркетплейс,Сладости,Шоколад горький,180,1
11557,2025-12-29,C111,Москва,сайт,Чай,Травяной сбор 50 г,260,1
11557,2025-12-29,C111,Москва,сайт,Чай,Чёрный чай 100 г,350,2
11558,2025-12-30,C091,Москва,сайт,Кофе,Эфиопия 250 г,790,2
11558,2025-12-30,C091,Москва,сайт,Кофе,Бразилия 1 кг,1290,1
11559,2025-12-30,C059,Москва,маркетплейс,Чай,Улун 100 г,540,3
11560,2025-12-30,C134,Москва,маркетплейс,Сладости,Зефир,210,4
11561,2025-12-30,C083,Москва,сайт,Чай,Зелёный чай 100 г,390,7
11562,2025-12-30,C072,Екатеринбург,приложение,Кофе,Эспрессо-смесь 1 кг,1450,4
11562,2025-12-30,C072,Екатеринбург,приложение,Сладости,Печенье овсяное,150,2
11563,2025-12-30,C207,Санкт-Петербург,сайт,Чай,Чёрный чай 100 г,350,2
11564,2025-12-30,C040,Екатеринбург,маркетплейс,Кофе,Колумбия 250 г,690,2
11565,2025-12-30,C196,Казань,сайт,Кофе,Эспрессо-смесь 1 кг,1450,1
11566,2025-12-30,C220,Москва,маркетплейс,Чай,Травяной сбор 50 г,260,4
11566,2025-12-30,C220,Москва,маркетплейс,Сладости,Миндаль в шоколаде,320,3
11566,2025-12-30,C220,Москва,маркетплейс,Чай,Зелёный чай 100 г,390,1
11567,2025-12-30,C035,Москва,сайт,Чай,Травяной сбор 50 г,260,1
11567,2025-12-30,C035,Москва,сайт,Аксессуары,Фильтры бумажные,240,3
11567,2025-12-30,C035,Москва,сайт,Кофе,Эспрессо-смесь 1 кг,1450,1
11568,2025-12-31,C041,Санкт-Петербург,сайт,Сладости,Печенье овсяное,150,1
11568,2025-12-31,C041,Санкт-Петербург,сайт,Посуда,Чайник заварочный,1350,1
11569,2025-12-31,C203,Казань,сайт,Чай,Зелёный чай 100 г,390,2
11570,2025-12-31,C118,Москва,приложение,Кофе,Колумбия 250 г,690,1
11571,2025-12-31,C221,Екатеринбург,сайт,Чай,Зелёный чай 100 г,390,3
11572,2025-12-31,C182,Екатеринбург,приложение,Кофе,Бразилия 1 кг,1290,2
11573,2025-12-31,C196,Казань,приложение,Чай,Улун 100 г,540,2
11573,2025-12-31,C196,Казань,приложение,Кофе,Эфиопия 250 г,790,3
11574,2025-12-31,C067,Москва,сайт,Сладости,Печенье овсяное,150,1
11575,2025-12-31,C057,Новосибирск,маркетплейс,Сладости,Печенье овсяное,150,2
11575,2025-12-31,C057,Новосибирск,маркетплейс,Аксессуары,Фильтры бумажные,240,1
11576,2025-12-31,C158,Казань,приложение,Сладости,Зефир,210,2
